0.09999999999999999,0.09999999999999999,0.09999999999999999
0.09995108217292115,0.09998489100571,0.10006401002507265
0.0999021764713176,0.09996970880632167,0.10012801394273668
0.09507984362313383,0.09808355758148288,0.10648841418138223
0.09041967190630161,0.09547774609321501,0.1127340411289245
0.0859612111817319,0.09217016243793387,0.11881225303972237
0.08174266796913228,0.08818470996403975,0.12467138239818538
0.07780056962300826,0.08355117636868181,0.1302611770137569
0.07416943735915178,0.07830505197763128,0.13553323609886236
0.07088147100868596,0.07248729766109657,0.14044143767028716
0.06796624836049506,0.06614406325417137,0.14494235357414892
0.06545044191328753,0.05932635777830487,0.14899564842145907
0.06335755579434339,0.05208967319703655,0.15256445873770705
0.06170768551204562,0.04449356388203677,0.1556157486782669
0.06051730309260861,0.036601184410524686,0.15812063874399182
0.05979907000726045,0.028478788758130143,0.16005470405007063
0.059561680124045974,0.020195194387485772,0.16139823885777466
0.05980973471826125,0.011821215157055273,0.16213648427433977
0.06054365134756508,0.003429067381309523,0.16225981626170866
0.0617596081427059,-0.004908246243592698,0.1617638913703136
0.06344952478369738,-0.013117569781138082,0.16064974792906497
0.06560108112578335,-0.021126238877998443,0.1589238607759708
0.06819777411179226,-0.028862731609883528,0.1565981480033937
0.07121901326012263,-0.036257319463045896,0.15368992861501724
0.07464025465376428,-0.04324271239207413,0.15022183044458795
0.07843317297906263,-0.049754691781238175,0.14622164816498956
0.0825658707774334,-0.05573272508722947,0.14172215171506622
0.08700312368338195,-0.061120555959497266,0.13676084598496813
0.09170666003274033,-0.06586676372341234,0.13137968312224982
0.09663547284102444,-0.06992528627302697,0.125624729343514
0.10174616177840506,-0.07325590065492202,0.11954578865284714
0.10699330241019675,-0.07582465593198273,0.11319598637108326
0.11232983963518164,-0.0776042532941004,0.10663131586157716
0.11770750194351257,-0.07857436882863891,0.09991015229125498
0.12307723283613572,-0.07872191487267705,0.09309273768313084
0.1283896355030211,-0.07804123643597141,0.0862406418916471
0.13359542665190083,-0.07653423980163293,0.0794162044590989
0.13864589521604845,-0.07421045107305194,0.07268196258485224
0.14349336155162862,-0.07108700313221014,0.06610007065473733
0.148091632664325,-0.06718855019714357,0.05973171693259658
0.15239644898266272,-0.06254710990547097,0.053636543107226334
0.15636591822220844,-0.05720183359689786,0.047872072414740424
0.15996093196050556,-0.051198706210731006,0.04249315201864506
0.16314556066623034,-0.044590177945200864,0.03755141522868434
0.1658874230960498,-0.03743473053468561,0.03309476897684535
0.1681580261867412,-0.02979638168024018,0.029166911747765024
0.16993307182547243,-0.021744131810373744,0.025806886884963427
0.17119272717441475,-0.013351357945861125,0.023048675868307836
0.17192185555332795,-0.004695159988551588,0.02092083578691727
0.17211020524138634,0.004144334755299587,0.01944618482075627
0.17175255394306851,0.013084702575614645,0.018641539099085093
0.17084880706803307,0.022041983272793598,0.018517503830465885
0.1694040483971792,0.030931462071177977,0.019078321102844138
0.1674285421422405,0.039668466378010796,0.020321776238826347
0.16493768585005747,0.04816917006048121,0.02223916406586349
0.16195191405118306,0.05635139780448396,0.024815315928451702
0.15849655300188942,0.06413542207337729,0.028028687734068594
0.15460162731552662,0.07144474520166928,0.03185150879029309
0.15030161972029013,0.07820685923526322,0.03624999066084094
0.1456351856128825,0.08435397626453077,0.04118459474605483
0.14064482449862475,0.08982372218689061,0.046610356781248606
0.13537651081585286,0.0945597870796176,0.0524772659463911
0.12987928703366985,0.09851252565931727,0.05873069579479147
0.12420482228520839,0.10163950165008674,0.06531188373839672
0.11840694015146158,0.1039059702762971,0.07215845537460003
0.11254111954145532,0.10528529353688963,0.07920498950567242
0.10666397292104249,0.10575928340499416,0.08638361928877088
0.10083270642276002,0.10531846862866544,0.09362466456385939
0.0951045666207759,0.10396228138479494,0.10085729004103137
0.08953627897554237,0.101699160657978,0.10801018369027585
0.08418348313976971,0.09854656987836545,0.11501224936873364
0.07910017046796453,0.09453092705607598,0.12179330744651984
0.07433812918306622,0.0896874463929284,0.12828479695627115
0.06994640272257262,0.08405989113281499,0.13442047259823484
0.06597076680976725,0.07770023822692583,0.1401370897868815
0.06245323077004811,0.07066825623531181,0.14537507083194506
0.059431568534765104,0.063030998756901,0.1500791453119333
0.056938884642464084,0.054862216569865126,0.1541989577270189
0.05500322035736911,0.046241692565703735,0.1576896356161787
0.05364720477512968,0.03725450446480431,0.16051231149552575
0.05288775547471858,0.027990221198472286,0.16263459222542775
0.05273583290204341,0.018542039721205463,0.16403096974684417
0.05319625223535277,0.009005869864865039,0.16468316754491422
0.054267555985921735,-0.0005206243500151725,0.16458041770146625
0.05594195003196193,-0.009939017785345422,0.16371966398750687
0.05820530517261046,-0.019151141806330083,0.16210568711993717
0.06103722562688531,-0.02806011603466256,0.15975114905985424
0.06441118519564507,-0.036571383333876356,0.1566765540570103
0.06829473106014433,-0.044593736759384335,0.15291012503846582
0.07264975441727524,-0.05204032696646685,0.14848759488930385
0.07743282635871693,-0.05882963846912176,0.14345191316772105
0.08259559659967454,-0.06488642319018945,0.1378528698223372
0.08808525186419328,-0.07014257994506853,0.13174663852114277
0.093845029950297,-0.0745379688614812,0.1251952432429058
0.09981478474188035,-0.07802115025700783,0.11826595280600803
0.1059315967178926,-0.08055003817219633,0.11103060899911096
0.11213042284515885,-0.0820924595844266,0.1035648949152884
0.11834477914093117,-0.08262661129761428,0.0959475509593808
0.12450744866581412,-0.0821414076033724,0.08825954678132751
0.13055120726684397,-0.08063671302565231,0.08058321807156758
0.13640955904257288,-0.07812345577579523,0.07300137772552477
0.1420174732538067,-0.07462361893884996,0.06559641133215693
0.14731211426015303,-0.07017010786376292,0.058449367258464204
0.1522335560268725,-0.06480649371731105,0.051639051782271995
0.15672547281983823,-0.058586634661554435,0.045241139766886686
0.16073579788789022,-0.051574177604267094,0.03932731127346639
0.1642173422188385,-0.04384194492900882,0.033964424272978404
0.16712836584332644,-0.0354712120150731,0.02921373325476593
0.1694330946436288,-0.026550882687956648,0.025130163040631554
0.17110217619471915,-0.017176570980701227,0.02176164651153288
0.1721130688139286,-0.007449598720241845,0.019148534249626162
0.1724503587136545,0.0025240805319287104,0.017323083303822352
0.17210600092867157,0.012635019768937958,0.016309031415331764
0.1710794805150745,0.022771466891208687,0.01612126210431951
0.16937789138110593,0.032820590346611764,0.016765565033179466
0.16701593100057352,0.04266972881564595,0.018238495039079945
0.16401581016708613,0.05220765137626081,0.020527332180662574
0.16040707786229544,0.06132581440192072,0.023610144082485584
0.15622636222470984,0.06991960140432396,0.027455950796294912
0.15151702950917378,0.07788953212463491,0.03202499133959728
0.14632876381322474,0.08514242739919674,0.037269090027207935
0.14071707120843224,0.09159251667210319,0.04313211968721225
0.13474271274633973,0.09716247549227125,0.04955055785484646
0.12847107160418103,0.10178438091150635,0.056454131071039276
0.12197146038998742,0.10540057338761481,0.0637665414810165
0.11531637533519752,0.10796441458852953,0.07140626903631965
0.10858070476074735,0.10944093138588178,0.07928744175461083
0.10184089980513408,0.10980733731622354,0.08732076568967542
0.09517411594528657,0.10905342387230689,0.09541450551350684
0.08865733431811196,0.10718181516284694,0.10347550591835145
0.08236647225684922,0.10420808074431027,0.1114102434150962
0.07637549278597815,0.10016070277939783,0.11912589754240538
0.07075552306512291,0.09508089511014681,0.12653143001667688
0.06557399192951682,0.08902227334389658,0.13353865995540473
0.06089379673529828,0.08205037663107441,0.14006332300611937
0.05677250967523511,0.07424204345615674,0.14602610202076602
0.053261633577635754,0.06568464545616318,0.1513536168427375
0.05040591693184024,0.05647518501085726,0.155979360832543
0.0482427374921758,0.046719264098742184,0.1598445719596983
0.0468015632940978,0.03652993366320619,0.1628990266435155
0.046103499268382454,0.026026434461018124,0.16510174504324326
0.04616092686051592,0.015332842045180633,0.1664215971857266
0.04697724315386556,0.00457663013775652,0.1668378001809702
0.04854670496041881,-0.0061128318544977495,0.16634029781408832
0.05085438218824338,-0.01660583006962506,0.16493001501370105
0.05387622352981216,-0.026773887863960497,0.1626189810752698
0.057579236152541506,-0.036491358641469754,0.15943031705199778
0.06192177962807124,-0.04563700979628725,0.15539808439985212
0.0668539728287711,-0.05409557723190748,0.15056699375635185
0.07231821097032086,-0.06175926971168359,0.1449919746198373
0.07824978841205447,-0.06852920239146314,0.13873760864761592
0.08457762126816473,-0.07431673930061194,0.13187743127474047
0.09122506236028448,-0.07904472528013765,0.12449310833444072
0.09811079958357867,-0.08264858895679125,0.11667349629878863
0.1051498273924586,-0.08507729972300122,0.10851359661556553
0.11225447986568557,-0.08629416338963167,0.10011341635642741
0.11933551270970894,-0.08627744315960266,0.09157674897576734
0.1263032206269218,-0.08502079480586866,0.08300989037528378
0.13306857573237565,-0.08253350739110465,0.07452030664614787
0.13954437216494503,-0.07884054349709017,0.06621527079354418
0.14564636171931641,-0.07398237569318387,0.05820048641755561
0.15129436523131612,-0.06801461881633737,0.05057871671635252
0.15641334458404774,-0.061007460509074185,0.043448437285396685
0.1609344205643822,-0.053044895315882384,0.03690253100945218
0.16479582238220591,-0.04422377042298998,0.03102704288855724
0.16794375545783075,-0.03465265379466418,0.02590001191671558
0.1703331750715856,-0.024450537968059332,0.021590396160191306
0.1719284546359729,-0.01374539508022289,0.01815710598275895
0.1727039386743785,-0.002672600782821373,0.01564815896345438
0.1726443720486639,0.008626753473694525,0.014099968476217268
0.17174519854731404,0.020007638754185524,0.01353677617971726
0.17001272360184738,0.03132293525735655,0.013970236829476696
0.16746413761777937,0.042425323979929805,0.015399161902505207
0.1641273981640186,0.053169199501301605,0.017809426545095167
0.1600409710388895,0.063412579593135,0.02117404234325382
0.1552534320011443,0.07301898727741732,0.02545339639606686
0.14982293270132238,0.08185928115563108,0.0305956551659477
0.14381653605533978,0.08981341029943327,0.0365373296042451
0.13730942795285478,0.09677207071709765,0.0432039961213611
0.1303840137738921,0.1026382413771656,0.050511166100237904
0.12312890968609208,0.10732857896883444,0.058365294851691535
0.1156378401003893,0.11077465199605772,0.066664919189047
0.10800845396437277,0.11292399642872192,0.07530191116652439
0.100341073759688,0.11374097696042876,0.08416283398938251
0.09273739213231243,0.1132074399402217,0.09313038467304621
0.08529913201161811,0.1113231462476054,0.10208490671360931
0.07812668685447721,0.10810597475906193,0.1109059548452134
0.07131775827211277,0.10359188960196895,0.11947389291493472
0.0649660087469687,0.09783466709878401,0.12767150501939958
0.05915974741088369,0.09090538115850091,0.13538559933813196
0.05398066692015611,0.08289164885806141,0.1425085835875201
0.04950264931349494,0.07389664105346723,0.14893999072883057
0.04579065836171288,0.06403786604326163,0.15458793351749
0.04289973530087871,0.05344573754421752,0.15937046670251942
0.04087411397309758,0.04226194149232377,0.1632168361971451
0.0397464702736122,0.03063761940666327,0.16606859536445653
0.03953731941583398,0.018731389198172473,0.16788056971196744
0.04025457287825976,0.006707227312333081,0.16862165277728988
0.041893264995625665,-0.005267761097546223,0.16827541781833874
0.04443545701399422,-0.017025654727204614,0.16684053209204225
0.04785032406550113,-0.028400079958784942,0.16433096300273042
0.052094427960068995,-0.039228592717352705,0.16077596820255322
0.05711217597258763,-0.049355043735990936,0.15621986479823136
0.06283646296582,-0.05863189178996997,0.1507215761175129
0.06918949127890109,-0.06692242920165084,0.14435395796115985
0.07608375988141987,-0.07410288426792444,0.13720290984929936
0.08342321140054977,-0.08006436624688722,0.12936628039414305
0.09110452283298476,-0.0847146201708434,0.12095257951831408
0.09901852311495579,-0.08797956102285796,0.11207951370994895
0.10705171830176283,-0.0898045597009861,0.10287236378226466
0.11508790295959519,-0.09015545665766143,0.09346222760845437
0.12300983454861354,-0.08901928308456156,0.08398415295961104
0.1307009461224098,-0.08640467394336969,0.0745751878185196
0.1380470716219253,-0.08234196193482514,0.06537237732037927
0.14493815742908014,-0.07688294655646814,0.05651073773966882
0.15126993368378827,-0.07010033762041046,0.04812123867091405
0.1569455191638058,-0.06208687787932946,0.040328824724988444
0.1618769342752193,-0.05295415463450655,0.03325050768140086
0.16598649788695088,-0.04283111527017906,0.02699355911469471
0.16920808534035645,-0.03186230647638052,0.021653832076698132
0.17148822694109697,-0.020205861399806156,0.017314238504632175
0.17278702855413966,-0.0080312630227482,0.014043406686288973
0.17307889852760774,0.004483084349235264,0.011894540403155109
0.17235306801713202,0.0171524405583151,0.010904498350748222
0.170613894817254,0.02978843460258569,0.011093109165066001
0.16788094397783251,0.04220184985467194,0.012462733927318474
0.16418884174006265,0.054205448849810656,0.014998084436204715
0.15958690261974048,0.06561679627590261,0.0186663018841489
0.15413853274935402,0.0762610386461843,0.023417296902149397
0.147920415823887,0.08597359953810539,0.029184348292239565
0.14102149114068224,0.09460275021492166,0.03588495418574744
0.13354173624819765,0.10201201688192876,0.04342192588225108
0.12559076959282867,0.10808238773887599,0.051684711265621894
0.11728629125111001,0.11271428534637815,0.060550931482728776
0.10875238233302316,0.11582927260138581,0.06988811152708412
0.1001176859188272,0.11737146379174095,0.07955558251223659
0.0915134944254291,0.11730861575169008,0.08940653076635975
0.08307177006729762,0.11563287805005071,0.09929016645005681
0.07492312655883317,0.11236118539241521,0.10905398221658659
0.06719480137613548,0.1075352799895004,0.11854607052406502
0.06000864873087543,0.10122135651405391,0.12761746660386722
0.05347918388070882,0.09350932741231173,0.13612448282430553
0.04771170948171219,0.08451171171951567,0.14393099930397626
0.042800554351058444,0.07436215610976663,0.1509106751686416
0.03882745422629294,0.06321360263458423,0.1569490448548182
0.035860102857744144,0.05123612340522281,0.16194546438781013
0.033950900034251406,0.03861444827054352,0.16581487364447148
0.033135920907806614,0.02554521724063369,0.16848934228848325
0.033434128247144645,0.012233994898718252,0.16991936936632385
0.03484684602203087,-0.0011079107889626814,0.17007490949112264
0.03735750902005446,-0.014266778141728829,0.16894610211942457
0.040931699061471594,-0.027029898660307528,0.1665436846245468
0.045517473855592024,-0.039189046491041796,0.16289907465118592
0.05104598970041312,-0.05054393324037405,0.15806411253890604
0.057432414146803466,-0.060905589328917854,0.15211046034453823
0.06457711952451409,-0.07009961254971148,0.1451286600713159
0.07236714296645329,-0.07796922511721348,0.13722686000227902
0.08067789338583196,-0.0843780823132195,0.12852922439731465
0.08937508087930958,-0.08921277887195571,0.1191740480955369
0.09831683937099439,-0.09238500348258587,0.10931160360922113
0.1073560090970297,-0.09383329716983553,0.09910175394332559
0.11634254187110188,-0.09352437775215083,0.08871136947255523
0.1251259890683507,-0.09145399994674219,0.07831159161487145
0.13355803000389302,-0.08764732883581353,0.06807498963323748
0.1414949969284002,-0.0821588131462882,0.0581726595763673
0.1488003522610747,-0.07507155392525479,0.04877131606169869
0.15534707395081848,-0.06649617350247852,0.04003042826712999
0.1610199059964294,-0.05656919890347237,0.032099451120761194
0.16571743313997614,-0.045450982900266175,0.025115201279206155
0.16935394152618116,-0.033323194462882955,0.019199425113036586
0.17186103062749844,-0.020385918322375476,0.014456602646068125
0.17318894588655662,-0.006854410520260809,0.010972027318078392
0.17330760622956434,0.007044436928192195,0.008810196668571482
0.1722073057528545,0.02107586388514388,0.008013543693068805
0.169899074372712,0.03500117991444282,0.008601532828436642
0.16641468794852973,0.04858180647879166,0.01057013840464136
0.16180632423692667,0.06158335597118415,0.013891717076467318
0.15614586691141985,0.07377967920998292,0.018515279330587855
0.14952386569816553,0.08495681326899884,0.02436715874982183
0.14204816635186565,0.09491676278379209,0.031352071393336525
0.13384222965516923,0.10348105011836724,0.039354551491683855
0.1250431638068175,0.11049397293368007,0.048240743719323256
0.11579949941312301,0.11582551171195314,0.05786052664474761
0.1062687407651735,0.11937383460253725,0.06804993661182483
0.0966147311256258,0.12106735251421177,0.07863385631327205
0.08700487332161602,0.12086628363855416,0.08942892771490742
0.07760725000191751,0.11876369350641248,0.10024664481624966
0.06858769042353209,0.11478598421342624,0.11089657803305611
0.06010683253952413,0.10899281455830284,0.1211896788117936
0.052317230417491,0.10147644147076473,0.13094161049493613
0.045360557575679514,0.09236048220599863,0.13997604951852638
0.03936495662951714,0.08179810627500286,0.14812789981685126
0.03444258464455512,0.06996967587151523,0.15524636291628147
0.030687401746168647,0.05707986352843409,0.16119780670621878
0.02817324780355134,0.04335428574545794,0.16586837736166046
0.026952248359698543,0.029035701202897824,0.1691663014321305
0.027053586411266026,0.014379831715009369,0.17102382876301428
0.028482671164958617,-0.00034912694361377724,0.17139877171231252
0.031220728548552734,-0.014883229025302954,0.17027560207353756
0.035224831101803994,-0.028955655171207677,0.1676660741831444
0.040428377013449084,-0.04230565289219609,0.16360935080703037
0.046742019635241425,-0.05468344865107269,0.15817161744988206
0.05405503995331273,-0.06585503654395469,0.1514451805534012
0.06223714542005545,-0.07560674805963111,0.1435470554416352
0.07114066945847798,-0.0837495089823291,0.13461706059226108
0.08060313707480886,-0.0901226932769319,0.12481544558909205
0.09045015359214696,-0.09459748977013427,0.11432009064932779
0.10049856578607456,-0.09707970555673831,0.10332332561570472
0.11055983789029802,-0.09751194018229506,0.09202842545901296
0.12044357925468988,-0.09587507657314727,0.08064584736811099
0.12996115605866068,-0.0921890481268168,0.06938928116099825
0.138929316551598,-0.08651285600648052,0.058471589822812246
0.14717375790771955,-0.0789438261258251,0.04810072030830823
0.15453256299605478,-0.06961611115956849,0.038475666240275444
0.16085943717897774,-0.05869845875421223,0.0297825637569986
0.16602667861779793,-0.04639128253373245,0.022190999539443153
0.16992782038906315,-0.032923087109990944,0.01585060606945823
0.17247988886826188,-0.0185463117699211,0.010888013573212563
0.17362523015356648,-0.0035326695233354245,0.007404221071358541
0.1733328645918637,0.011831931482843772,0.005472440702734392
0.17159933852779893,0.027252788722699026,0.005136460245067302
0.16844905201270102,0.04243202628527243,0.006409558765054758
0.1639340511744265,0.057074329726608815,0.009273999828860305
0.15813328406055802,0.07089268599547581,0.013681115917064833
0.1511513288393172,0.0836140192323281,0.019551986819979977
0.14311661310618096,0.0949846147375568,0.02677870401975276
0.1341791525501337,0.10477522671248467,0.0352262025480335
0.12450784625176471,0.11278577038035838,0.04473463166939984
0.1142873743035057,0.11884950567622524,0.055122226085664035
0.10371475116215742,0.12283662773861789,0.06618863027123825
0.09299559507783547,0.12465718883454212,0.07771862011000648
0.0823401800101161,0.12426328700368047,0.08948615828025369
0.07195934156194216,0.12165046852707785,0.1012587128992121
0.06206031255381516,0.11685830422252719,0.11280176287445251
0.052842566840160275,0.10997011345296086,0.12388340831089677
0.04449375174730868,0.10111182450316737,0.13427900030110268
0.03718578999565746,0.09044997551045374,0.1437757016106155
0.031071231064419787,0.0781888762714192,0.15217688830143863
0.026279929577966966,0.06456696779419342,0.15930630236526175
0.022916124361891606,0.049852433179917575,0.16501186711413082
0.021055986278496818,0.03433813000324911,0.16916908053876156
0.020745695778752495,0.01833593047083939,0.1716839072086225
0.022000102313022064,0.0021705708718239556,0.17249509662984777
0.024802007386016803,-0.01382687424160044,0.17157586532102753
0.029102101237690324,-0.02932576555515123,0.16893489117116633
0.03481957005681082,-0.044002782679551586,0.16461658179015778
0.04184337652596411,-0.057548773317908385,0.15870059334767603
0.050034201654949546,-0.06967541910577121,0.15130059253276493
0.0592270206384579,-0.08012156866698805,0.14256227138178157
0.06923427027358271,-0.08865909148187945,0.132660642370783
0.07984955072488006,-0.09509811305426452,0.12179665884514715
0.09085179057584793,-0.09929150259061773,0.11019322302090472
0.10200979159762942,-0.10113849882379786,0.09809065988206118
0.11308705891503033,-0.10058737743421577,0.085741749772818
0.12384681362758782,-0.0976370843114744,0.07340642484156816
0.1340570787563967,-0.09233778210302634,0.06134624430150568
0.1434957258629755,-0.08479028245546008,0.049818770388533495
0.15195536896118594,-0.07514436233961441,0.03907197068744618
0.15924799445670268,-0.0635959890970666,0.02933877304803474
0.16520922074293992,-0.050383504586481755,0.020831896632176553
0.16970208860743563,-0.035782843312788595,0.013739076847210468
0.17262029352588035,-0.020101882026152013,0.008218793261870415
0.17389078294146879,-0.0036740384104384668,0.004396598388669753
0.17347565539334883,0.013148746316546044,0.002362131836653674
0.17137331348550217,0.030003492133014367,0.00216688921807713
0.16761883877868558,0.04652397305929055,0.0038227987758762145
0.16228357334890064,0.06234865202520407,0.007301641423888684
0.15547390961033175,0.07712858834992033,0.012535332171543713
0.14732930670223698,0.09053514858380386,0.01941706311240636
0.1380195679777919,0.10226735493425575,0.027803290616211913
0.12774142963747537,0.11205871208280015,0.03751653234996526
0.11671452508747088,0.11968336267660651,0.04834892348936161
0.10517680297545692,0.12496143391761448,0.06006646614953357
0.09337948888927697,0.1277634522586061,0.07241389181557789
0.08158169124341665,0.1280137200454939,0.08512004352271921
0.0700447607783354,0.12569256683230778,0.09790367285427845
0.05902652021425302,0.12083740886366089,0.11047953663362944
0.04877548578555547,0.11354257269152762,0.12256466964547544
0.03952520547937745,0.10395786287474605,0.1338847030209165
0.03148883965143837,0.09228587897088358,0.14418009327813106
0.02485410813314862,0.0787781132859901,0.1532121246696295
0.019778723825325195,0.06372988773994333,0.1607685477066962
0.016386425967818183,0.04747421528750231,0.1666687197695329
0.014763716693084855,0.03037469806566042,0.1707681198027555
0.014957392085786777,0.012817600177910534,0.17296211842700165
0.016972943827451493,-0.004796742949814684,0.17318889747894814
0.020773889747079118,-0.0220629951908795,0.17143142903057138
0.026282071475229877,-0.03858016868792559,0.16771844321184856
0.03337893527691103,-0.05396103552529588,0.16212433639914176
0.04190778850146182,-0.06784137737858777,0.15476799610547678
0.05167699953038971,-0.07988884494532349,0.14581054563116336
0.06246408431664922,-0.08981120161650039,0.13545203946922152
0.0740205983519792,-0.09736373494675632,0.12392716875290526
0.08607772997250672,-0.10235563509613561,0.11150006373918141
0.09835247011829888,-0.10465516135763935,0.09845830645903424
0.11055421576208019,-0.10419344568487583,0.08510629026203798
0.12239164989796245,-0.10096681505950082,0.0717580831352984
0.13357973079672725,-0.09503755161608506,0.058729967602396425
0.1438466176042222,-0.08653304950584212,0.04633284108956578
0.15294035852541893,-0.07564336922840416,0.03486466646881082
0.1606351718556843,-0.06261723222368233,0.02460316285867333
0.1667371588649022,-0.04775653952992126,0.015798921718795527
0.1710893007077275,-0.031409536990096756,0.008669123067982181
0.17357560867104005,-0.013962784673870566,0.003392011733403185
0.17412431760240274,0.004167881091275914,0.00010227450288001988
0.17271003562946483,0.02254717916800127,-0.0011125633843519327
0.16935478856973069,0.04073077483126159,-0.0002146290352254288
0.16412792402090823,0.05827598327792189,0.0027829864867527864
0.1571448673129033,0.07475253024131134,0.007816134243688372
0.14856474863899788,0.08975311281293322,0.014770741363026803
0.13858694717634737,0.10290350759248591,0.02348515490719911
0.12744662333928086,0.11387198269688058,0.03375365042430505
0.11540933404237033,0.1223777845602407,0.04533103381030244
0.10276484761105288,0.12819848943258771,0.05793824053948012
0.08982029444795472,0.13117603262681693,0.07126881357610754
0.07689280646409881,0.13122125548855137,0.08499612061022621
0.06430181235866561,0.12831684041673358,0.09878115289685639
0.05236116682811955,0.12251853770839725,0.11228073216625467
0.04137129944982764,0.11395462420044956,0.12515593909320571
0.0316115730518848,0.10282357226363942,0.13708056699245846
0.023333041578630365,0.0893899482301055,0.14774939812147955
0.01675179352479644,0.07397860126229028,0.15688609763684042
0.012043058700860287,0.05696724631620675,0.1642505223011146
0.009336243222265544,0.03877758737307154,0.1696452478919471
0.008711040087087406,0.01986516849515078,0.17292113128362835
0.010194740544661953,0.000708179324378695,0.17398174060413837
0.01376084484347687,-0.01820452293139022,0.17278650980483543
0.019329040249171228,-0.036385882595661785,0.16935250229115142
0.026766580019220613,-0.05336328935930484,0.16375470157284144
0.03589106010096017,-0.06869106442251655,0.15612478454389775
0.04647455168133735,-0.08196244944843845,0.14664837405115064
0.058249008537472065,-0.09282076173686801,0.13556081064310796
0.0709128297302704,-0.10096939247874658,0.123141527364851
0.0841384219393296,-0.10618034911010545,0.10970715457596944
0.09758057305189716,-0.10830107732440422,0.09560352233413427
0.1108854208145412,-0.10725934240268761,0.08119676424559166
0.12369977860488379,-0.1030660018792463,0.06686375729908753
0.1356805656302021,-0.09581556044859034,0.05298215575915912
0.14650408177547455,-0.08568446137325163,0.039920292695289766
0.1558748682484027,-0.07292713418614731,0.02802722953397348
0.16353390410522456,-0.05786988382233578,0.017623231916116554
0.16926590535615826,-0.040902769137453845,0.00899093930558217
0.17290551700460846,-0.022469676925214933,0.00236747678883422
0.17434221817404308,-0.0030568491714168104,-0.0020622687831849174
0.17352379533085122,0.016819835118847885,-0.00417101859857977
0.17045827730770446,0.03662848769290187,-0.0038929652187732634
0.1652142671065896,0.05583538786793058,-0.001226017827842195
0.1579196480664998,0.07391933313773681,0.003767639258012202
0.1487586847420398,0.09038578353659504,0.010962699604044206
0.13796758069179646,0.10478042450500231,0.020173580305543188
0.1258285953893407,0.11670178675798967,0.03115889885726324
0.11266285985445146,0.1258125836991965,0.04362747922216474
0.09882206469548839,0.1318494565143709,0.05724574700881765
0.08467922449952023,0.13463085348582965,0.07164633863553599
0.07061874842428195,0.13406281260477415,0.08643771779052886
0.05702606799828745,0.1301424645791732,0.10121456479019145
0.04427708910057171,0.12295912622910664,0.1155686810122149
0.03272774544298272,0.11269291140702231,0.12910013191415765
0.022703935177656828,0.09961084728859115,0.1414283387976652
0.014492120059879387,0.08406054732969773,0.15220282207853042
0.00833085749530679,0.06646155735763556,0.1611132980638086
0.004403519439869941,0.04729455688785264,0.16789883781859316
0.00283242827158625,0.02708866227216599,0.17235581126625588
0.00367460837247294,0.006407139838423045,0.17434436270109707
0.006919313453341651,-0.014168106337079935,0.17379319565550638
0.012487444142312865,-0.034052858274742026,0.17070248547496153
0.020232918912011066,-0.05267726644511055,0.16514478651766898
0.02994600528955633,-0.06950241021503634,0.1572638566418638
0.0413585590952078,-0.0840362427795236,0.1472713831064823
0.05415105913466346,-0.09584842953424418,0.13544165924721688
0.06796126552305419,-0.10458360820230031,0.12210432794745323
0.08239427398689718,-0.10997263548855046,0.10763537335363223
0.09703368842887149,-0.11184143806432846,0.0924466036944901
0.11145359197369217,-0.11011715388189072,0.07697392269575551
0.12523096459006403,-0.10483133094157467,0.061664732402436
0.13795817474429556,-0.09612004171415496,0.04696484409955323
0.14925516441307965,-0.08422086892297631,0.03330529488384661
0.1587809516126036,-0.06946681843820889,0.021089474369975738
0.16624409223032086,-0.05227731365436008,0.01068095881404525
0.1714117726344307,-0.03314651908853038,0.002392429106394144
0.1741172450284901,-0.012629325605757897,-0.003523984239168677
0.17426536714412155,0.008674597233874318,-0.0068846301364869624
0.17183606466305296,0.030138216900596215,-0.007580294035631892
0.166885596615042,0.0511255128069488,-0.0055799966770551015
0.1595455687699811,0.07101027339345388,-0.0009325119754820866
0.15001970567855993,0.0891947662612781,0.0062344524250142145
0.13857845663934032,0.10512773564002535,0.015717402118051862
0.12555157283319646,0.11832119953452258,0.027242455820265386
0.11131885076997293,0.12836555045035447,0.0404728616191812
0.09629928987519665,0.1349425073969434,0.055018435019042626
0.08093895854521764,0.13783552164391438,0.07044667102704648
0.06569790250295315,0.1369373032550557,0.08629523487089932
0.05103646106807854,0.13225420861711,0.10208549449400231
0.037401380326339696,0.12390730994231662,0.117336723425968
0.02521212645451303,0.11213005496078002,0.13158057575156645
0.014847806931501987,0.09726251752001454,0.14437541660333272
0.006635101351260101,0.07974233612903539,0.15532008290640972
0.0008375864176961045,0.06009253583048517,0.16406665110832863
-0.002353189047147362,0.038906526926481826,0.17033180241538678
-0.0028245638622903455,0.016830669307093874,0.17390640257066944
-0.0005472961613399941,-0.005455119753487514,0.1746629530850744
0.004422432332860124,-0.0272581570369092,0.17256062424177943
0.01194366518068131,-0.04789456082359944,0.16764764667925056
0.02179401718019313,-0.0667109224734927,0.16006091670777167
0.033675673693734996,-0.08310538247985631,0.15002275869425843
0.04722390916845782,-0.09654740729372664,0.1378348830007939
0.06201790086839612,-0.10659558495766784,0.12386967648705222
0.07759352848733304,-0.11291280593965218,0.10855906032339148
0.09345777329295502,-0.11527826996955151,0.09238124233192782
0.10910426546366858,-0.11359585812717041,0.07584577378930106
0.12402947858536353,-0.10789852845014478,0.05947738942048457
0.13774903846637376,-0.09834852819264758,0.04379916066384589
0.14981360122578205,-0.08523336086363652,0.029315523585969002
0.15982376373971893,-0.06895759500267801,0.01649575257327565
0.16744349768240147,-0.05003074784821808,0.005758438831431127
0.17241164527078692,-0.029051614433915608,-0.0025425003287827155
0.17455107824280996,-0.006689535708163841,-0.008129807503131622
0.17377519871768948,0.016336796502071305,-0.010812460869424535
0.17009154809899754,0.03928231778727894,-0.010492515029733026
0.163602384572784,0.06139961493997722,-0.0071689728662876605
0.15450218752684794,0.08196322460528742,-0.0009385501609014133
0.14307214508343882,0.10029342810128955,0.008006707225528254
0.12967177594985665,0.11577877932266577,0.019384896639798126
0.11472792641980806,0.12789664025321582,0.03283267163176364
0.09872146550056178,0.1362310562174805,0.04791635553524014
0.0821720740788161,0.14048737848102041,0.06414543515608402
0.0656215863563403,0.14050313309251988,0.0809880410175552
0.04961639227166889,0.13625473999947757,0.09788795692760846
0.03468944716758648,0.1278598036205238,0.11428264841344243
0.02134245848701367,0.11557482339117062,0.1296217579985956
0.010028827699863048,0.09978830834003227,0.1433854867411454
0.0011379179142974552,0.08100942118355879,0.15510226746458902
-0.0050188072648091045,0.05985242189841443,0.1643651373789022
-0.008219270845634369,0.03701732469682383,0.17084623797299925
-0.008339453753016547,0.013267321466527945,0.1743089095931214
-0.005358887538126439,-0.010596346041661035,0.1746169079379765
0.0006372983803897268,-0.03376126938692268,0.17174034995111584
0.009459930982240697,-0.05543162411139609,0.16575809637538766
0.020820982749001182,-0.07485583567349019,0.15685639540100818
0.03434229845715106,-0.09135317698620068,0.1453237428793603
0.04956762930279707,-0.1043383197044076,0.1315420546569642
0.0659776138146205,-0.11334290702664428,0.11597438973793511
0.08300722398858218,-0.11803330174892283,0.09914960243700945
0.10006508932877375,-0.11822378780268555,0.08164443032963249
0.11655402663660064,-0.1138846622709652,0.06406363573922054
0.13189204416795794,-0.10514484138921464,0.047018905596576205
0.1455330585855466,-0.0922888099154938,0.031107272925086325
0.15698656380312664,-0.07574795883577809,0.016889849803573605
0.16583552246831762,-0.056086571430549265,0.004871655222800605
0.17175181188426608,-0.03398292224744149,-0.0045167174585611465
0.1745086435280903,-0.010206138400725909,-0.010934917155979548
0.17398948465864789,0.014410369738359187,-0.014145553511022391
0.1701931366465192,0.03899797666447268,-0.014023349347909164
0.16323476200755926,0.06268338864558333,-0.010560388573260776
0.1533427950561181,0.0846195991940266,-0.0038672591769136305
0.14085181430989052,0.10401617045871409,0.00582996726253247
0.12619159353223364,0.12016778153842472,0.01819683770272453
0.10987267854216522,0.13248004172274214,0.03280148436536565
0.0924689553261022,0.14049165378696604,0.04912911237132658
0.07459777885900083,0.14389212627262343,0.06659954890423485
0.05689831919542343,0.14253437082969844,0.08458729180532315
0.04000884995964698,0.1364416780259721,0.10244340746804524
0.024543752649948188,0.1258087395374679,0.1195185562542562
0.011071036528735222,0.11099657328489863,0.13518637027790953
9.117666628184129e-05,0.09252140752472361,0.14886637546421944
-0.007981949611558363,0.0710377861511953,0.16004563972419217
-0.012837296363593688,0.04731636558190903,0.16829834442782582
-0.014279397237227114,0.02221707748273523,0.17330251947584077
-0.01223707594422784,-0.0033414760927669485,0.17485325494385948
-0.006767696062565819,-0.028415356240867825,0.1728718052506191
0.0019433198961085845,-0.05207016730587078,0.1674101343301011
0.013587800007706074,-0.07341619660084621,0.15865060972785003
0.02774487329531977,-0.091642468972428,0.14690073513383067
0.04389548167334852,-0.10604836761332392,0.13258300770532766
0.06144088556950055,-0.1160715273267983,0.11622018981580459
0.0797245189959538,-0.12131082125379238,0.09841648437818978
0.0980563953894219,-0.12154343454851624,0.07983528775199074
0.11573914180647693,-0.11673524240240454,0.06117435378961756
0.1320946534527778,-0.10704397528106355,0.0431393273020848
0.14649031836102352,-0.09281494834377922,0.02641668764467467
0.15836376607489877,-0.07456943980312798,0.011647178453457703
0.16724514442973898,-0.052986108648640944,-0.0005992138942917582
0.1727760222028394,-0.028876130322731796,-0.00984573132404148
0.1747241473797135,-0.0031529858242881304,-0.015727866676828486
0.17299345399912516,0.023201945897321663,-0.018008180216162538
0.16762889672177275,0.049176678571730886,-0.016586320878824962
0.1588158926127398,0.07376737000318374,-0.01150385102502375
0.14687435546562383,0.09601706012702611,-0.002943671909317944
0.1322475113180543,0.11505292522138968,0.008775951998015835
0.11548587761956505,0.1301206334650155,0.02321257534827483
0.0972269669860669,0.14061449015046337,0.03981558028555566
0.0781714349161688,0.14610220610134053,0.057946458748648975
0.059056525511292805,0.1463433048206194,0.0769026632017026
0.04062777707674587,0.14130039746500275,0.09594418776650396
0.02361002782932885,0.1311427950321311,0.11432193264999548
0.008678808317425554,0.11624218938207581,0.13130682183983658
-0.0035667808472903276,0.09716041379647422,0.14621859036190077
-0.012628632052580998,0.07462958378658847,0.15845313645068265
-0.01813062403618072,0.04952521253596013,0.1675073494943156
-0.019835138363533532,0.022833183714782622,0.1730003801049957
-0.0176543352507039,-0.004388263440490476,0.17469041685467143
-0.011655606693884933,-0.031050138501831553,0.17248617629296029
-0.002060841076300082,-0.056076294489800275,0.16645249773957937
0.010760622370954955,-0.07844726905347603,0.1568096580201768
0.026305207810567558,-0.09724255311084468,0.14392627650622491
0.04395407395309937,-0.11167947198887335,0.12830595693101335
0.06299716617425039,-0.12114695403050113,0.11056809599184357
0.08266143014442753,-0.1252326385617751,0.09142356417565914
0.10214205902651399,-0.12374203432139677,0.07164621520545397
0.12063548580595379,-0.11670877017883903,0.05204139128465303
0.13737273026627972,-0.1043953659194607,0.03341274834982291
0.151651673407871,-0.08728437144381841,0.016528818741326935
0.16286686343291876,-0.06606015469195672,0.002090752422493694
0.17053555509187868,-0.04158203814388936,-0.009297368628083563
0.17431884236813588,-0.014849868486733175,-0.017154360928749217
0.17403695385618678,0.0130365651788472,-0.02114280372859941
0.1696780289567007,0.040922587028555155,-0.021084043333026516
0.1613999680019539,0.06764630236848068,-0.016966695264536678
0.14952523723823202,0.09208691398702842,-0.008948273753967983
0.1345287975661351,0.1132117031842888,0.0026501425520713906
0.11701960284854648,0.13011974914489458,0.01735602395097107
0.09771637001595292,0.14208058881463242,0.034563834343139435
0.07741855154997582,0.1485662109933079,0.05355911635663907
0.056973635240776845,0.14927502466603598,0.07354730853144711
0.0372420516312645,0.1441467346202284,0.09368619843953511
0.019061082267186877,0.13336738953180313,0.11312076161666769
0.003209228113841524,0.11736423153936748,0.1310190198563662
-0.009627486223158331,0.09679036404882539,0.14660747821400022
-0.01888583382195018,0.07249965712294894,0.1592046730186347
-0.02415098667062223,0.04551271631829559,0.1682513886224105
-0.025176201802085924,0.016975137645015344,0.17333618350868749
-0.021895605324617737,-0.011890357951952089,0.1742150103864655
-0.014429349560997918,-0.03983599141140047,0.17082392120201184
-0.003080728372620357,-0.06564301398126536,0.16328411415779331
0.011674817355518478,-0.08817546250556052,0.15189889885013705
0.029208502793789927,-0.1064311552276798,0.13714251548950138
0.04876413601451192,-0.11958754711100003,0.11964112792017777
0.06949015673020795,-0.12704023279052473,0.10014669683509347
0.09047642600913657,-0.12843217661564713,0.07950480571865814
0.11079415571141395,-0.12367215208430078,0.058617833777531096
0.12953718248266485,-0.11294136756188478,0.038405125526502194
0.14586269671196914,-0.09668781410857459,0.01976197811884637
0.15902953891750915,-0.0756084617344244,0.003519343376768553
0.16843227487405787,-0.05062001733937005,-0.009593882564432539
0.173629450128155,-0.02281950675411472,-0.018984229944529345
0.17436469224032775,0.0065635756112062465,-0.024221142176097405
0.1705796586249623,0.03622141696374116,-0.025057314181830645
0.1624182000517794,0.06482592288978026,-0.021440950665767036
0.1502215047275414,0.09108806315319415,-0.013519379214093779
0.13451438619758008,0.11381590198994229,-0.0016338340307230376
0.11598326292796447,0.1319687533203942,0.013694395601246608
0.09544673390836741,0.1447050687979972,0.03178589648601881
0.07381997138429477,0.1514219249074979,0.051832252857752475
0.052074419877169285,0.1517843119651442,0.07293117073958004
0.031194502916769982,0.14574283071041846,0.09412616305209164
0.012133189551898972,0.13353885970655432,0.11444914635493196
-0.004231643504515855,0.11569675776272662,0.13296414724114902
-0.01713810622949969,0.09300319820842579,0.14881022392685633
-0.025976562578182254,0.06647428240455919,0.16124168367051397
-0.030319531323814992,0.037311631635409175,0.16966372679090333
-0.02994370676476246,0.006849188869467288,0.17366177991934664
-0.024842891275507865,-0.023507049866826744,0.17302299907572244
-0.015231011284445884,-0.05234373854972258,0.1677487274385454
-0.0015348302644633911,-0.07830636800093232,0.15805707771228553
0.01562354088497245,-0.10016380091779505,0.1443752621505588
0.03545372755410525,-0.11686798799024549,0.12732179445087696
0.05703265944366155,-0.12760583552998084,0.10767920990623128
0.07934704959991652,-0.13184050601916847,0.08635846129334229
0.10134081648369085,-0.12933990862191275,0.06435661360014984
0.12196518327295959,-0.12019075442552489,0.04270984760455102
0.14022900980438843,-0.10479727589176696,0.022444062051488033
0.15524686662257306,-0.08386449701033423,0.0045255162528804824
0.1662824515535942,-0.0583667399440589,-0.010186030922947604
0.17278517096241755,-0.029502815153928448,-0.020979352685217712
0.1744180450853539,0.0013599807966778316,-0.027326872368108344
0.17107552695766662,0.03275037969984336,-0.028911138315676738
0.1628903202199118,0.06316308007211732,-0.02564136077733555
0.15022881339852395,0.09113077448217403,-0.017659202511924408
0.13367528883058608,0.11529484870330148,-0.005333525191424877
0.11400558778044398,0.13447141113016936,0.010755697142766708
0.0921513980455651,0.14770953092939226,0.02984359925494108
0.06915675939341047,0.1543389108592785,0.05101563350302641
0.046128742357441306,0.15400467733252926,0.073250221098251
0.024184537090917384,0.1466875182215206,0.09546696255204286
0.004397382870434746,0.1327080211481201,0.11657825394556215
-0.012256131829812077,0.11271474495902581,0.13554196178243763
-0.02494487076836346,0.08765627714200372,0.15141270058144388
-0.03302563428379548,0.058738269611735075,0.16338924409596622
-0.03607712897606683,0.02736717950909363,0.17085569331238656
-0.03392355888943045,-0.004916860356635217,0.1734142307646134
-0.026646416774885655,-0.0365149914394654,0.17090761575454094
-0.014583593951673508,-0.06584883753426612,0.16343001662485251
0.001684454796774271,-0.09144005105440431,0.1513253230344305
0.02136108739556252,-0.1119861122719167,0.1351727113892521
0.04347130728659842,-0.1264283525812079,0.11575991764899381
0.0669093171038235,-0.13400846604802075,0.09404536207105642
0.09049347988130009,-0.13431030102103186,0.07111092278009284
0.11302591314904006,-0.1272844628582398,0.04810772110476195
0.1333536320021944,-0.1132541678582947,0.026197717590148925
0.15042802498444977,-0.09290180913677909,0.006494189296608382
0.16335950268372185,-0.06723675880596343,-0.009995754054410751
0.1714643996799155,-0.03754596544368904,-0.022423559947463947
0.1743016181133327,-0.005329843700367446,-0.03014375440941081
0.1716970461389277,0.027773262997479856,-0.032748254252349555
0.16375442937332974,0.06007017688263299,-0.03008868250610503
0.15085207689083824,0.08989929814003562,-0.022285531503723765
0.13362550454272687,0.1157159524505635,-0.009723689733060563
0.11293682021577707,0.1361723665140956,0.0069654766966102
0.08983230671566421,0.15018824031677155,0.02693464978364956
0.06549023330185821,0.15700833765195266,0.04916225819864884
0.041161407473044316,0.1562441196673498,0.0725033870621695
0.018105349938520657,0.14789717417344567,0.09574749240095787
-0.0024747737230440313,0.1323630215761635,0.11768016254039003
-0.01949521140767331,0.11041478259401717,0.13714592248829016
-0.032049439567848864,0.08316714788720564,0.15310894867060745
-0.039457669493990086,0.052022065676507155,0.16470856393947977
-0.04130529975411122,0.018598524007198157,0.17130653020078007
-0.03746804297780056,-0.015350294902683758,0.172523459068772
-0.028122073124936166,-0.048028421827499876,0.1682621239361121
-0.013738283430985623,-0.07769238252808106,0.15871607367465176
0.004939415629632334,-0.10274527286093248,0.14436269918328584
0.026930938301102155,-0.12182442484916181,0.12594075421168058
0.05107029725657804,-0.1338776500682305,0.10441323166760771
0.07606677623890523,-0.13822355640126222,0.08091738489223368
0.10057376934707603,-0.13459225026798147,0.056704493410360886
0.12326153631698976,-0.12314381531693226,0.03307263945832183
0.14288982931336563,-0.10446323067341644,0.011296229920533203
0.15837630307539227,-0.07953176799977908,-0.007443770346737875
0.1688568314487756,-0.04967628777940312,-0.022124950543341466
0.17373430290723674,-0.016499143432697545,-0.03194023895799316
0.17271312050022275,0.01820748920070278,-0.036343180818331426
0.16581743885434452,0.052558176309701624,-0.03507919890318274
0.15339207586429268,0.08467642839826645,-0.028201121948649963
0.1360859816662629,0.11279701364410695,-0.01606813017260359
0.1148190785584068,0.13536288437715233,0.0006718516119413905
0.09073415655253707,0.15111152508319095,0.02111542955399026
0.06513628327944851,0.15914608200649663,0.0441510111163924
0.039422835965791644,0.15898739483057678,0.06851769560663006
0.015007766193417399,0.1506039833830723,0.09287281842862342
-0.006755951095937937,0.13441811188726005,0.11586471553171455
-0.024651568020583537,0.11128722604377261,0.13620694752781495
-0.03766742045481443,0.08246129854346433,0.15275005267467665
-0.045055519367470175,0.049517885360350754,0.1645469026663534
-0.0463764313789018,0.014277938157946184,0.17090793295622025
-0.041527633042936836,-0.02129342388884404,0.17144292408145648
-0.03075334462815673,-0.05519597814770712,0.1660866267615076
-0.014634834222812563,-0.08550732653704674,0.1551063411762885
0.005938713218307831,-0.1104932586196744,0.139090550261035
0.029817507113867915,-0.12870903853846294,0.11891881720111612
0.05565424801613074,-0.1390854381720862,0.09571431778049012
0.08197957961136565,-0.1409940972421663,0.07078150350064243
0.1072856180327552,-0.1342879440125127,0.04553239043659942
0.13011269336186362,-0.11931388776991833,0.021405755992622053
0.14913416400505075,-0.09689669215064785,-0.00021596798002509508
0.16323422910035254,-0.06829472885709738,-0.01808713505898366
0.17157406282182416,-0.03513005808826032,-0.0311718404633345
0.17364229405231202,0.0007031438665222905,-0.0387050475405444
0.1692867982427415,0.037146495430317526,-0.04023827889484189
0.1587258824244425,0.07209540682795547,-0.03566721091455036
0.14253814977983612,0.10352037076297187,-0.025239583786523703
0.12163154948901889,0.1295846174485064,-0.009542966868210528
0.09719328205587997,0.1487514517151378,0.01052696485150365
0.07062328370579493,0.15987518110676238,0.03381593746071608
0.04345491256187008,0.16227043044977496,0.05897571879606626
0.0172671722604092,0.15575576920926468,0.08454043665007516
-0.006406688351513181,0.1406689036828444,0.10901046990473423
-0.026169086827570718,0.11785215949931806,0.13093933923507806
-0.04084138894144178,0.08860855289678632,0.14901875613319457
-0.049535650602409456,0.0546303678755072,0.16215694554529278
-0.05171040951904335,0.017903755436578857,0.16954556231526405
-0.047206884959218195,-0.019405628957666957,0.1707109943603097
-0.03626296697109934,-0.055079626839225654,0.16554659408349434
-0.019503618925817458,-0.08697988392245393,0.15432339275398016
0.0020922794388792227,-0.11317751817325554,0.13767809348407042
0.02724713980602178,-0.1320720781076294,0.11657854096306222
0.05445895797248952,-0.14249213729186394,0.09226833679622388
0.08209040586371327,-0.14377084203391832,0.06619369451493941
0.10846736720844871,-0.13579121321190352,0.03991688665123997
0.13198083735732877,-0.11899790415413765,0.015021614006059546
0.15118579841517393,-0.09437429194772995,-0.006983765872420837
0.16489081665839697,-0.06338605634867964,-0.0247590320767214
0.17223267903642464,-0.02789459600854467,-0.03721505079857193
0.17273133900980744,0.009954423606112458,-0.04358167639249718
0.16632169735549374,0.04786053989171072,-0.0434563914265673
0.1533601997057435,0.08350805435323869,-0.036830713953725336
0.1346057819715241,0.11470720882628616,-0.02409278388327764
0.11117623537541704,0.13952847303043348,-0.006005970018979726
0.08448250641553087,0.15642190001546316,0.016335269594683618
0.05614472348043253,0.1643143951647535,0.041569755718915864
0.02789479855161964,0.16267899427997973,0.06815053502100106
0.001471251350085823,0.1515717879462416,0.09443781619376251
-0.021487584104868944,0.1316338970566223,0.1187985830812016
-0.039545607387596264,0.10405783403119159,0.1397070964594344
-0.05156001690909604,0.07051960816526354,0.15584029450628975
-0.05675562580444306,0.03307997288720151,0.16616220619321917
-0.054777482420985055,-0.005939828706885627,0.16999193046890929
-0.045718009835215144,-0.04410070183745404,0.16705052502217863
-0.03011634436999971,-0.07899817016434449,0.15748328822688384
-0.008929258367610209,-0.10841515887223284,0.14185537191072034
0.016525100755391244,-0.13046519312661706,0.12112035825201904
0.04464756252799486,-0.1437164153421855,0.09656326037259808
0.07365755634364608,-0.14728784078630813,0.06972122091625067
0.10170574108305878,-0.1409109683990645,0.04228682776916806
0.1269923516063943,-0.12495213434952891,0.016000287043045257
0.14788346558704243,-0.10039366512791709,-0.007462437265650476
0.1630174581174833,-0.06877473321666915,-0.026598072497942233
0.17139454173260077,-0.032095601050801274,-0.04017385607098125
0.17244342708932103,0.007308570214852267,-0.047308256908114986
0.16606068111627326,0.04691615999042603,-0.047529329794642264
0.15262017299028643,0.08418018742915509,-0.04080695699429007
0.13295194140320238,0.11669175422946096,-0.027556949937875677
0.1082917531643579,0.14233546122288768,-0.008616767222554689
0.08020443559535728,0.15942700319818037,0.014805658894566117
0.05048566015094935,0.1668242712586968,0.041206895378556346
0.021048163215556175,0.16400487661814026,0.06888228931900738
-0.006200637348654016,0.1511049622161395,0.0960339135270321
-0.029482070993483437,0.12891640119127334,0.12088566550159431
-0.0472629307535761,0.09884190851352424,0.14179845923134485
-0.05835794577704426,0.06281012280110186,0.15737825637602784
-0.06201114833926241,0.02315524285423925,0.1665698860971521
-0.05795038912630085,-0.017531802448706568,0.16873023558105985
-0.046410795743656065,-0.056571567106836314,0.1636754737031426
-0.02812488128954168,-0.09137295761961202,0.15169848481863002
-0.004279195620517936,-0.11960702817669738,0.13355458090530345
0.023560268351049317,-0.13936575315229052,0.11041571973945506
0.05354942314894653,-0.14929449595884936,0.0837957270764624
0.08368765910253186,-0.14868846215235892,0.055451208816849965
0.11195149728342461,-0.1375458162249537,0.02726473911416434
0.1364311564742505,-0.11657318038203437,0.0011183329775727566
0.15546054010635532,-0.08714266463073231,-0.02123398689130731
0.16773155330697026,-0.051203097855930906,-0.038285616069113335
0.1723847569195192,-0.011151429654078131,-0.048880467824774405
0.16907004777569792,0.03032692260832196,-0.052292641996443796
0.15797316614889695,0.07043790576796127,-0.04827726408284961
0.13980619005635958,0.10646669112643892,-0.037089123982052434
0.11576259844273099,0.13596099992626298,-0.019467924332314514
0.08743980628616467,0.15689774446919227,0.003408876023073286
0.05673415968865305,0.16782198684274605,0.030002595181965675
0.0257151268384708,0.16794899233792593,0.058514394999623
-0.0035132406739193673,0.15722243206671663,0.08700451961468257
-0.02895462358725155,0.1363244518932555,0.11352217061331267
-0.04885719647170927,0.10663626018317698,0.13623770074532773
-0.06183565617355211,0.07015097920407394,0.15356846120065532
-0.06697004538021269,0.02934362215433283,0.16428977569891
-0.06387416870510318,-0.012993960388446616,0.16762318313466457
-0.05272820944783671,-0.0539426672279375,0.1632953160549619
-0.034272444325203655,-0.09065766249770928,0.151562554751946
-0.009761604341295343,-0.1205678809365472,0.13319885157368333
0.019117730681082263,-0.14155921421444229,0.10944672703053702
0.05036151006512064,-0.15212779996875395,0.08193420386634143
0.08178664464869269,-0.15149169319874506,0.05256312449851444
0.11118377910043262,-0.13965209139797144,0.023376629404235273
0.13647342863425138,-0.11739898977713689,-0.003584683021543159
0.1558541155421835,-0.08626033610836112,-0.026427424990849456
0.16793166846430171,-0.04839804904647858,-0.043540326248594434
0.17182023736843988,-0.006458264805421122,-0.05370955471257803
0.16720768817724546,0.03661346243339371,-0.05620615645005665
0.15438066824891628,0.07777881838030988,-0.05083944291211109
0.13420754226878295,0.11412063713012588,-0.03797265463629703
0.10808035399852159,0.14304910924885647,-0.018499892574073862
0.07781976627478064,0.16248601209567332,0.006214064680753064
0.04554940446178845,0.17101425485150615,0.03442700349531762
0.013548055695264398,0.1679823459064711,0.06413939267034625
-0.015910327211859844,0.15355629473920723,0.09323344561410365
-0.040717962279953265,0.12871480478051753,0.11962189785075225
-0.059084790275842694,0.09518725321424461,0.14139647241831008
-0.06966951885369967,0.05533773536998794,0.15696576695912845
-0.07168053236530791,0.012002197314794294,0.16517267691690884
-0.06493882978495329,-0.03171082589444413,0.1653825188958464
-0.04989758932361386,-0.07264236335902363,0.15753475516897755
-0.02761593573335655,-0.10781235362119908,0.14215360682508715
0.0003121724373250801,-0.13463934753228593,0.12031576486747168
0.03186956067463067,-0.1511338762566072,0.09357666641630737
0.06476031157582494,-0.1560503221671088,0.06386012219226007
0.0965766686111126,-0.14898501344348627,0.03331914064827969
0.12497596264611513,-0.13041229989333547,0.004178271357126528
0.1478541808426912,-0.10165520729915194,-0.021430586094556146
0.16350294771293897,-0.06479245187598597,-0.041626366913387024
0.17073794669111553,-0.022508624551073293,-0.05491896447448443
0.16898904206231452,0.022101242469033607,-0.06032072585293128
0.15834533408915924,0.06575811065334403,-0.05742106027015865
0.13955180720504598,0.10523958800932101,-0.04641877348873305
0.11395781219786388,0.1376171752211742,-0.028109902198027902
0.08342108340826926,0.16047292613036404,-0.0038320137044467076
0.050174105220714,0.17207994299429905,0.024631055616535065
0.016662239712923882,0.17153369616091596,0.05517738343336895
-0.014635008486576001,0.15882449831113343,0.08553921304458284
-0.0413869641182118,0.13484538279883426,0.11344873965870506
-0.06158588700434238,0.10133394968658677,0.13680581785946053
-0.07369945001297204,0.06075126243248022,0.1538355678603893
-0.07679001759812946,0.016105386783911126,0.16322419309271918
-0.07059119258462872,-0.029268600033626243,0.16422246358402487
-0.05553493795969172,-0.07195664886005154,0.15670829644986325
-0.03272609565796714,-0.10872362198061808,0.1412026381767818
-0.003865102576025995,-0.13676135928203195,0.11883629091971863
0.028876156803966362,-0.15390735134656744,0.09126918784378361
0.06301649121111817,-0.15881621430523762,0.060567575367397916
0.09595333893289712,-0.1510695790053887,0.029048207666199272
0.12516193874578732,-0.13121482692117853,-0.0008983972335846676
0.1483900475609688,-0.1007288913698071,-0.026991685031280927
0.1638327603479583,-0.06190952420132082,-0.047237168137907556
0.1702735760545004,-0.01770238475536781,-0.06008095023643798
0.16718060798690326,0.02852253612899067,-0.06453057615971608
0.15475046233511702,0.07322773875052063,-0.06023293427791383
0.13389644230437409,0.11297848503232581,-0.04750340907279803
0.10618200605964931,0.1447059518829443,-0.027304257386407505
0.07370447986982649,0.1659434807113235,-0.0011739493060229044
0.0389376342537961,0.17501827894146066,0.02888727985430399
0.004544673879668618,0.1711842003422306,0.06056736132252413
-0.026824662895157964,0.15468538230933374,0.0914170187119919
-0.05273794274616481,0.12674531198724107,0.1190364808059821
-0.07116956095535379,0.08948109978894325,0.1412606058512771
-0.08066139917810594,0.04574811704698838,0.1563285081007425
-0.08044179964329208,-0.0010745764622381053,0.1630244638708875
-0.07049278347265608,-0.047342769315999456,0.16077854663983449
-0.051559108502738815,-0.08943038027396523,0.14971810842681701
-0.02509716167516154,-0.12401556364040786,0.13066480275869194
0.006833491095323336,-0.1483466774044526,0.10507612347469679
0.04172822588144689,-0.1604660568481791,0.07493507330048928
0.07683308336848896,-0.15937247203244026,0.04259613140675586
0.10936255231442554,-0.1451079607709472,0.01059966763059736
0.13672172880947836,-0.11876101019616797,-0.01853010789245422
0.15671460869932496,-0.08238518956350174,-0.042487014301621745
0.16772136988939462,-0.03883957376931355,-0.05936794217662493
0.16883012851329982,0.008436103143886847,-0.06782594444173681
0.1599125072666299,0.0556932959505666,-0.06717908135079413
0.14163702033494308,0.09917160902020448,-0.05746650929510924
0.11541929885066647,0.13539727788975114,-0.039447629844128106
0.0833131185854638,0.1614597834717739,-0.014544580592242933
0.04785068273176566,0.17524514718597212,0.015267389600995702
0.011844382538150502,0.1756078532749835,0.04761331966265184
-0.021834882204192028,0.16246789934742534,0.07990421052804582
-0.050485917852237355,0.13682488892707362,0.10954108239375687
-0.07179438156224151,0.10068706631393051,0.13412199468493746
-0.08402173635213767,0.05691946651716241,0.1516360442782281
-0.08615060705124994,0.009021586933714913,0.16062885991400336
-0.07797405515451333,-0.039149207506348274,0.16032576613650065
-0.0601203494484242,-0.08368742109937866,0.1507016294504599
-0.03400979814759162,-0.12095766854394223,0.13249034943091034
-0.0017457887118244395,-0.14789515616787616,0.10713179986636236
0.034052116584982264,-0.16226276742773613,0.07665938076345086
0.07045991873536046,-0.16284215446703565,0.043536695277413724
0.10448839798831457,-0.14954154688662136,0.010456628238313647
0.133329726994523,-0.1234101195653165,-0.01988029028619977
0.15459053366105352,-0.08655699376407011,-0.04498934174730303
0.16649156903319856,-0.04198139720816538,-0.06280781800953239
0.16801707324363763,0.006671722842742439,-0.0718665141994918
0.1590013552705284,0.05541003191944132,-0.0714122655066094
0.14014551386725357,0.1002211818303951,-0.06147162973221725
0.11296307392939954,0.1374022852915554,-0.04285082754154978
0.07965906732777159,0.1638647766860125,-0.017072233590559323
0.042952308189394175,0.17739021934452356,0.01374734972834226
0.005854969444875345,0.1768166161867864,0.04706701854184574
-0.028573165067244555,0.16214012790063656,0.0801274565218233
-0.05747636740708411,0.13452343889174204,0.11017604148922064
-0.0784404498511164,0.09620899197732806,0.13469374577566945
-0.08969667514358454,0.050342588774474624,0.15160567350741933
-0.09027485497911011,0.0007200285551848337,0.15945780909626162
-0.0800919765598503,-0.048523941440635696,0.1575446413855276
-0.05996757662763431,-0.09325962664425938,0.145975798344207
-0.03156299854644886,-0.1297108740843219,0.12567456627466975
0.0027518111939033836,-0.15477816169748757,0.09830688400951755
0.04009377017307773,-0.1663076728539846,0.0661456140193329
0.07730831354525496,-0.16328182882658288,0.031880962864458934
0.11123661390561349,-0.1459134103147402,-0.0016068483074106368
0.13898510416415955,-0.1156340106293634,-0.03149282252209367
0.15817363596932574,-0.0749772106946409,-0.05524871083241825
0.1671404957090721,-0.027366477554666712,-0.07085957109445072
0.1650864447365822,0.023173683068828322,-0.07699654600822792
0.15214547131497744,0.07235819611545692,-0.07313118064774382
0.1293764145775415,0.11600427110085175,-0.059581903834217596
0.09867638590660499,0.1503859716720917,-0.03748917464168223
0.06262337099705252,0.17255097989176368,-0.008721689288083184
0.024261066768102562,0.18057344742421305,0.024278494808986594
-0.013156451909977149,0.17372208216613677,0.05869935456087995
-0.04643945544062906,0.1525292746310962,0.09159451758678212
-0.07273420744762026,0.11875470002180123,0.1201321887978362
-0.0897689854552163,0.07524503126850735,0.14183712105248647
-0.0960534982351112,0.025699733014948937,0.15480540076877905
-0.0910139771331248,-0.02563912897669421,0.15787337756286832
-0.07505107229298592,-0.07434814116512628,0.1507252221751094
-0.049513915517283,-0.11620461602679276,0.13392830424141466
-0.016590908305378817,-0.14755628604703297,0.10889160800535473
0.020874650450033845,-0.1656453959867383,0.07774929098110787
0.05962882585643202,-0.16885719019871773,0.043178568384240196
0.0962899815425344,-0.15686916086364008,0.008167573500504057
0.12764517354056368,-0.13068640383293093,-0.02424610117054448
0.15093325960021475,-0.09255907761857401,-0.051242486788810326
0.1640891220917431,-0.04578907087143124,-0.07046769550435646
0.1659270672524484,0.005556709697792266,-0.0802414077532766
0.15624718292473186,0.057000621050995494,-0.07970509647990287
0.13585552421802274,0.10404461563663611,-0.06889832891544416
0.1064966762971108,0.14256245719356744,-0.04875701575561495
0.07070477712746154,0.16916005946837143,-0.02103422429209341
0.031585857418158475,0.18147333854570868,0.011849435895487388
-0.007450080281762539,0.17837839647738957,0.04701323172219792
-0.042984765382068066,0.16009603193361938,0.08136435450459154
-0.07189030900304871,0.12818099441240646,0.11186612298510011
-0.09160542282174758,0.08539557997598524,0.1358039767025838
-0.10036518970339652,0.035476614464875676,0.15102656498714845
-0.0973636569416232,-0.017185979815590297,0.15614061805385493
-0.0828336738725004,-0.06793266309486669,0.15064148241261074
-0.05803518610909719,-0.11224701472529137,0.1349661933389001
-0.025151192601806368,-0.14616109022230156,0.11046251731324823
0.012900898036473778,-0.16661617816204605,0.07927504255448296
0.05272656620972399,-0.17174482807733774,0.04415738763784034
0.09075724227687787,-0.16104675395934412,0.008227025698847059
0.12357142433196633,-0.13544103699206694,-0.025314851048014803
0.14820410821500213,-0.09718891243829368,-0.053472356755734626
0.16241579746760096,-0.04969395425934551,-0.0737258638983275
0.16489628731336828,0.002801799970639206,-0.08425984134430257
0.1553847394864897,0.05559761323345836,-0.08412694496289204
0.13469549878175904,0.10395493472034727,-0.0733339808773247
0.10464774947805613,0.1435215310264409,-0.05284267186410811
0.06790560976609472,0.17072136783753455,-0.02448573741442237
0.027742900066928634,0.18307626878073666,0.009194018415538527
-0.012246926605810445,0.17943149297452946,0.045167621440057405
-0.048470681215874035,0.1600654703080414,0.0801877738390051
-0.07765757049006748,0.1266734223826321,0.11107791591078875
-0.09715546825218496,0.08222491787650825,0.13501774697580926
-0.10517488855805888,0.03070599115332086,0.1498001885383086
-0.10095806626319882,-0.02323336201701911,0.15403645672997307
-0.08485648933688762,-0.07469649101757396,0.14728964717810122
-0.05830798401303472,-0.11898544900299632,0.13012298249343002
-0.023713502262246323,-0.1520337191419496,0.10405634590506366
0.015776690342030962,-0.17078545249196406,0.07143333823808647
0.05654867947700228,-0.1734843646798575,0.03520997755553881
0.09485620010845804,-0.15984349943596363,-0.0013157414777725729
0.12716642061615466,-0.13107846254377983,-0.034807952135624744
0.15048735613923112,-0.08980019347991168,-0.062201632892640656
0.162645799979603,-0.03977726504969253,-0.08098645769766842
0.16248961947358098,0.014409578259915108,-0.08943900640627152
0.14999576721107732,0.06778783342959241,-0.08678194712547138
0.12627446898637695,0.1154492715226485,-0.07325608713554611
0.09346973404194545,0.15299971384480715,-0.05009945880177975
0.05456563612374397,0.1769620032279986,-0.01943598501804014
0.013115969433027695,0.18509634841691994,0.01591595973108311
-0.02707864927388274,0.1766096839745944,0.05269812107114422
-0.06231772614518878,0.1522351889130552,0.08750788993337594
-0.08934118201347797,0.11417397775520627,0.11710906661381393
-0.10563246399020816,0.06590258099770892,0.13873047477843906
-0.10965656785730418,0.01186149683334514,0.15032541320883805
-0.10101011099440266,-0.04294895987321873,0.15076753162557643
-0.08046790916345956,-0.09342999298188924,0.1399636120794597
-0.04991968300847781,-0.13486072082564768,0.11887079818849185
-0.012200848581169302,-0.16334458652463557,0.08941460437644146
0.029168160925782803,-0.1761822422657171,0.05431377290108122
0.07031012012025924,-0.17213355685529047,0.016827651796405826
0.10735559781931982,-0.15154187648798978,-0.01954997047951471
0.13680865258593475,-0.11630736401912305,-0.05142083950303234
0.1558780861864438,-0.06971153241012279,-0.07580374672632345
0.16274221268228106,-0.016110092260910935,-0.09041633372502039
0.15672192251672215,0.03947584240919042,-0.09389029684216692
0.13834604213199864,0.09183069415254647,-0.08590008341840746
0.10930347431305218,0.1360328306038002,-0.06719381181704936
0.07228720601434474,0.1679150254996497,-0.03952441251952219
0.030745000848671936,0.18445491743658377,-0.005487962324774718
-0.011440288285491457,0.18406020893093483,0.031715826501358284
-0.050311835314255954,0.16672279266000833,0.06857946168592031
-0.08220881816543699,0.13402730286792328,0.10161358193986514
-0.10411164830979677,0.08901203720041388,0.12767381421020255
-0.11393048415493338,0.03589305221119404,0.14425882109883922
-0.11070941305462287,-0.020325303534920295,0.14975151088560537
-0.09472565167951427,-0.0743190529397304,0.14357962735073396
-0.06747236326703838,-0.12094945320877266,0.12627866549120356
-0.03152458354744438,-0.1557560502105478,0.09944894257269243
0.009700693120118826,-0.17538950152437907,0.06560898252249621
0.05226823956130409,-0.17794046056561133,0.02795806870864336
0.09210106590544169,-0.16313052410089177,-0.009929427820526667
0.12537267990121556,-0.1323450405621065,-0.044447849070721385
0.148876283988257,-0.08850385473220489,-0.07230791082708046
0.16033441469271764,-0.03578279602545065,-0.09085365223965272
0.1586188011011357,0.020786174068540508,-0.09831762297333813
0.14385952577159877,0.0757964949228145,-0.09398998560979187
0.11743370374379278,0.12398330570243671,-0.07828614605647041
0.08183555379130292,0.16072524754745474,-0.052707512394957176
0.04044074661202187,0.18248484327349604,-0.01969994471712393
-0.0028126383520628803,0.18714689480672703,0.01757646046487442
-0.04379695650470695,0.17422387212885967,0.055544998376597
-0.07858735994532161,0.14490908288509935,0.09055038083269518
-0.10383749252882724,0.10197167874257164,0.11920647884611922
-0.11710334748278711,0.049501473840668754,0.13872176133277703
-0.1170841024010395,-0.007474736595974682,0.14717160629116074
-0.10375563176596737,-0.06347117338515448,0.14369057655861905
-0.07838188837876771,-0.11307110814512351,0.12856440700772562
-0.04340082335833012,-0.15145423373098382,0.10321056885832831
-0.0021939853310160157,-0.1748710514876691,0.0700471794973923
0.041238918622210095,-0.18101586220305282,0.0322616124872327
0.0826688890809194,-0.1692593964183226,-0.006498972206880926
0.11805119217405471,-0.14071628329449923,-0.04248428350543718
0.14392197131759002,-0.09813980497400254,-0.07220859693476094
0.15773801495996803,-0.04565454230540109,-0.09279225471390598
0.15812590057526496,0.011645718056671733,-0.10224284902128353
0.1450163506242333,0.06819407658515303,-0.09964872968347345
0.11965145733090027,0.11849126144653292,-0.08526682731806613
0.08446502689585252,0.15763837674567324,-0.06049746196069656
0.042848336680116374,0.18181090026068844,-0.027749605620768787
-0.0011759581582659376,0.18862954664764892,0.009789993540547132
-0.04334091171824393,0.17739354181969832,0.0484620210840865
-0.07954715353550477,0.14915435688934764,0.08448591307303473
-0.10626097389879166,0.10662210299344262,0.11432488568933594
-0.12086087657455936,0.05391171470989025,0.13503060737934058
-0.12189886896796374,-0.0038491763344225462,0.14453449150768788
-0.10924992625771036,-0.06101523484356235,0.14185655480896414
-0.08413307602879913,-0.11197480173526866,0.12720971124764133
-0.04899975547644637,-0.15170401821123597,0.10198697930531421
-0.007298437905977424,-0.176268013023672,0.06863066459077913
0.036862411018760914,-0.1832173632666076,0.030394969514741174
0.0791198132154858,-0.1718379209833672,-0.008974834027551165
0.11528919692827845,-0.14322710743193096,-0.045614151631656635
0.14178052474683456,-0.100188168355883,-0.07592348919905934
0.15595517438260686,-0.04695330778437718,-0.09692604105358035
0.15638761725962189,0.011235430076126035,-0.10656221097550943
0.14300621725856796,0.06864435830173539,-0.10389203599139359
0.11710012050693024,0.11961307397119543,-0.08918647026931081
0.08119266874512397,0.15911032581098583,-0.06389989069373023
0.038794608200317035,0.18322715264335138,-0.030527695022198324
-0.005938548408681064,0.18956054872887476,0.007636578160855648
-0.04861208917231804,0.17745161931844441,0.046821302983561415
-0.08502211089322087,0.14805560720748037,0.08314395233796627
-0.11156915300865196,0.10423629797062474,0.11299107369746991
-0.12561570221383134,0.05029319880829848,0.13337508996738015
-0.12575230758045855,-0.008454469220355657,0.14223326212010295
-0.11194488482954781,-0.06618869303567675,0.13863857230185833
-0.0855466215973138,-0.11716878109290461,0.12289984847543907
-0.04917099410365925,-0.15630574593628083,0.0965388299298276
-0.006436600467200337,-0.17967639018148202,0.062144267836066115
0.038391742972190994,-0.18492324935997867,0.023116275668757905
0.08082963882702567,-0.17149760202597994,-0.016673649441573686
0.11662370431151836,-0.14071912628581393,-0.0532719221968673
0.14217950270266963,-0.09564550442515682,-0.0830408937061737
0.15492268316922955,-0.04076579043788607,-0.10302424009566191
0.15355664764871715,0.01845001073101345,-0.11124236879695366
0.13819136045655983,0.07609820636221286,-0.10688856265085109
0.11033151556055314,0.1264296807354583,-0.09040742457153056
0.07272650731869848,0.16442055705826206,-0.06344932793908924
0.02909801107155179,0.1862697145499313,-0.02870664256456307
-0.0162276844021063,0.1897756348732205,0.010351588193723059
-0.05874690619902512,0.17455689360825216,0.049820827056942706
-0.09422439464285154,0.14209513421535355,0.0857457069013777
-0.11911484394578735,0.09559550381315912,0.11451175550340963
-0.1309191306112173,0.039676278875615735,0.13320658584865627
-0.12843956850388308,-0.02008432300123622,0.1399149144517954
-0.11190740577168255,-0.0777016378069449,0.13391703790274678
-0.08296769601501774,-0.12738457362387756,0.11576893916403715
-0.044520772070867284,-0.1641218715653275,0.08725357709465204
-0.00043449720304382394,-0.18419391107524666,0.05120618390638178
0.044844436384736036,-0.1855557222499414,0.011230098500021664
0.08674048076002723,-0.16804976619689335,-0.028667978137204148
0.12101368851370164,-0.1334251672841663,-0.0644851700492511
0.14419011511399757,-0.08516117767716641,-0.09262914467398195
0.15391349302079438,-0.028113936550478866,-0.11028180007647796
0.1491823714244732,0.031975718570905545,-0.1156826383988134
0.13044948195579273,0.08906174439849276,-0.10830380515609664
0.09957465063757323,0.13740028276319075,-0.08890058811759721
0.05963737786419825,0.17212422999791466,-0.05943397030663805
0.014628740658094858,0.18972888968272392,-0.022874224300788833
-0.03094657934025645,0.18842214800798887,0.017094529458014804
-0.07251928035372412,0.16830583028888463,0.05644008044161315
-0.10591200201437903,0.13137060486508914,0.09118323270914672
-0.1277591430852054,0.0813038976293395,0.11779586484926544
-0.13584851167702522,0.02312769453108355,0.13355721286359104
-0.1293500446927673,-0.037300341557628215,0.13683262970384388
-0.10890702893824492,-0.09387472357057161,0.12724552781403012
-0.07657840946233975,-0.14086079839131282,0.10572299092871702
-0.03563583794584841,-0.17348101209671546,0.07440804920645068
0.009765424320589492,-0.18840718079670848,0.0364456919005688
0.05500863001431755,-0.1841058596404258,-0.004336303950049362
0.09548691947365953,-0.1609991108046438,-0.04381861546511723
0.12707440705207385,-0.12142299552124149,-0.0780122668712238
0.1465474425304728,-0.06938837510127785,-0.10346640240569155
0.1519122492909534,-0.010170126494138893,-0.11761918298864922
0.14260572732561722,0.05023111272464872,-0.11905596052381807
0.11955010156885293,0.10569810544888945,-0.10764949925150173
0.08505745491588688,0.15061466309651894,-0.08456975229367203
0.042595232814757106,0.18043012232692376,-0.05216395394933997
-0.003562909207132861,0.19211561106611513,-0.013720202736165312
-0.048766035754534434,0.18446835559485147,0.026861675067311155
-0.0884526363850684,0.15823494858432777,0.06545997251491183
-0.11860968248782054,0.11604132487269532,0.09814418424244059
-0.13617905536072844,0.062135055766211776,0.12157139773593557
-0.13937072077836488,0.0019633411108200063,0.13332688850803917
-0.12785020843897493,-0.058373535813472086,0.1321741320867408
-0.10277961520409451,-0.11274003613925455,0.1181873233299546
-0.06670573029499327,-0.1555922852921353,0.09275063747563266
-0.023304719864691893,-0.18254904587000165,0.058422059982259626
0.022991609668687133,-0.19084596537358267,0.018674262866709555
0.06744959226009781,-0.17962380567737501,-0.022461115792548874
0.10551988427369773,-0.1500190416318862,-0.06080827830186687
0.13330460827200194,-0.10504696128221823,-0.09247687847432381
0.14795625656714476,-0.04929032656040453,-0.11426074937532514
0.1479670521227569,0.011572304882529387,-0.12396409757369803
0.1333198147184226,0.0713479733875088,-0.1206222004747305
0.10548642562338975,0.12395953742146971,-0.10459555128868171
0.06727580712428265,0.16406047345508992,-0.07752983685805612
0.022548203336050683,0.18757322874187513,-0.04218751871275343
-0.02417486043887914,0.19209889333810867,-0.002168870848654311
-0.06816611797396382,0.1771590154985974,0.03844972352877799
-0.10496896736466395,0.1442463828328003,0.07552509284233322
-0.1308481656435912,0.09667931867012865,0.1052647026145839
-0.1431702742492814,0.03927236211514244,0.12461146675551356
-0.14067533102816257,-0.02214608912944212,0.13155745371721472
-0.12361103272998926,-0.08132288917063649,0.12535383827898244
-0.09371380619899766,-0.13221763967826236,0.10659384759292378
-0.05403655469026384,-0.16962341583710558,0.07715790888032162
-0.00863910432565372,-0.1897054801790561,0.04002465748506048
0.037827441756303044,-0.19040006698764217,-0.0010337148824676398
0.0805991191103522,-0.1716297204386461,-0.04184006272856511
0.1152896656980864,-0.13531162015383985,-0.07824341679221465
0.13834122485780334,-0.08515828633226918,-0.10654647032771804
0.1473878934870418,-0.026292930321440342,-0.12388411001113167
0.14149488097011198,0.03527851189987534,-0.12851384693160633
0.12124993965707842,0.09328230979168646,-0.11998936058492116
0.08869955085191608,0.14181493622216082,-0.09920130120649316
0.04713818745306626,0.1759396869722828,-0.06828328207984641
0.0007732163145338413,0.1921832417425594,-0.030394137787391796
-0.045700500114365605,0.18888436542934062,0.010601065660783993
-0.08757419060644762,0.1663615649134548,0.050519790323038924
-0.1206005912946141,0.12688356098886008,0.08528289492062165
-0.14142455656980552,0.0744447210408212,0.11132684323972598
-0.14792598070657684,0.014365971498003527,0.12596669181848763
-0.1394398517858946,-0.047241105339122756,0.12767305322165357
-0.1168296141408183,-0.10409478605335185,0.11623363824988177
-0.08240432519734493,-0.15038599013829368,0.09278081844654473
-0.03968616238980364,-0.18137682982872924,0.05968019100532907
0.006949018824818866,-0.19389140940342103,0.020290052086890966
0.052721146188993734,-0.1866458026784185,-0.021383820206629617
0.09293813238668777,-0.1603812018251353,-0.06110161578067572
0.12347859567195402,-0.11778591135548577,-0.09482688958287436
0.14121408109339484,-0.06321529661599022,-0.11914117114627792
0.1443268934792145,-0.002240825482045746,-0.1315922324317861
0.13249159170640742,0.058922854397739456,-0.13094059255645918
0.10690320251644476,0.11405224065326407,-0.11728053911069676
0.07015132120975259,0.15754555275199297,-0.09202549427595064
0.025954649091323372,0.18498664851344385,-0.05776127772566365
-0.021216257245185402,0.1935874768404938,-0.017983371346625816
-0.06659013225006674,0.18246690778440813,0.023255241015205298
-0.10557567382403547,0.15273958286503195,0.061751240224064564
-0.1342247892615262,0.10740612487428698,0.09357381469083424
-0.1496328756060458,0.0510544824372836,0.11546210666048407
-0.15023600575405976,-0.010599817022334285,0.125157850979972
-0.1359741428690354,-0.07129051902531161,0.1216390517217676
-0.10830214960036884,-0.12483775370906701,0.10522938563628882
-0.07004550869763598,-0.16578073280468839,0.07757004547202778
-0.02511393159497718,-0.18994002725330736,0.04145497843003473
0.02189842757822937,-0.1948494483416931,0.0005454020325333437
0.06618462602461449,-0.1800108030371812,-0.04100683363037903
0.10321867096590784,-0.1469439408506059,-0.07898698368126085
0.1292190862263005,-0.09902716340870174,-0.10955047507552403
0.14153371361931907,-0.04114618796629306,-0.1296153804246434
0.13890635306532173,0.020809635637129204,-0.13717365601398557
0.12159917101195078,0.08054976222433943,-0.13149021194375904
0.09136039001535855,0.13202068162180217,-0.11317146333365193
0.05124267291788075,0.1700153285104911,-0.08409872674104674
0.005292157108352164,0.19069376605017244,-0.047235118667224664
-0.041859947575941234,0.19196524997765685,-0.006326317101592957
-0.08546266549736202,0.17369571625260927,0.034475076835785025
-0.1211220455053334,0.13772125867593746,0.07102520694009919
-0.14524302157373467,0.08766607525244763,0.09960465086893754
-0.1553928851774417,0.028581538686626804,0.11729369551996689
-0.15054975681471464,-0.033559713623719824,0.12226976929032704
-0.13120993115083457,-0.0924658718966,0.11399616723331459
-0.09934150760378178,-0.14216446022084062,0.09328119635526373
-0.05818724838689888,-0.17761205429835145,0.062199692327035906
-0.01193558288468827,-0.1952113721821542,0.023883353581122348
0.03470679558183653,-0.19318057147164314,-0.017799174558002385
0.07699616523675663,-0.17173500418197027,-0.058639003766780995
0.11063614745858023,-0.13306212688453853,-0.09451829033888454
0.1322143164023908,-0.0810930950123152,-0.12183023894031403
0.139545860295297,-0.021096715584504926,-0.1378438231649148
0.13188982204270985,0.04085998351484218,-0.14097615555615134
0.11001757232330292,0.09852741863901204,-0.13094621111677843
0.07612880049724924,0.14610207856891594,-0.1087965760699503
0.03362560743753026,0.17880550209798088,-0.07678338150172626
-0.01323124388735498,0.1933576200997975,-0.03814718472818793
-0.059749244899422016,0.18829981762000741,0.003211707302815305
-0.10127237120393782,0.16413775712142392,0.0431217073764539
-0.1336453115540224,0.12329076966258347,0.0775549562447666
-0.15362874385768024,0.06985233772092105,0.1030291212217218
-0.15922489810969329,0.009183766500506181,0.1169569401485904
-0.14988055772065204,-0.052620641902743584,0.11790855816558667
-0.12654594369355093,-0.10934515390506205,0.10575924584156766
-0.09158189067311441,-0.15528005153039168,0.08170582003067844
-0.048523180616912374,-0.18580082867153142,0.048148267926128835
-0.001721223484686568,-0.19783858328950849,0.00844740187177685
0.04409742111304389,-0.19019167454756936,-0.03341689404142238
0.08431072435885684,-0.1636454789201181,-0.07325102050147286
0.11486887123564894,-0.12088800844132162,-0.10707371396141889
0.13270134338939488,-0.06623150026444781,-0.13151794422694452
0.13602194939147777,-0.0051708700847001915,-0.14416719876655268
0.12450193958308815,0.05617347072489669,-0.14379270650061962
0.09929569975423559,0.11167027732489106,-0.13046944231060878
0.0629187812379871,0.15578746906052016,-0.10556167669837173
0.018992491671425853,0.18413774070354136,-0.07158182012323298
-0.028118374222365506,0.19390794101321554,-0.031938109014265886
-0.07373869608174541,0.18413241544384532,0.009403542747158856
-0.11334515159944125,0.15578540816985795,0.04831091995818794
-0.14301303394478118,0.11168419001779029,0.08089296926233933
-0.1598048393641544,0.056211763729767765,0.10388460868553681
-0.1620627043575634,-0.005115261579347631,0.11497166443897315
-0.149575278482014,-0.0661929352956468,0.11302351855326756
-0.12360122789157964,-0.12093761358295767,0.09820913197191423
-0.08674549422830528,-0.16389470420793126,0.07198312059582831
-0.04269944927575738,-0.1907865662529749,0.036941668973585834
0.0041294416977880055,-0.19894266619141787,-0.0034380872528093774
0.049060720938070464,-0.18756678577600283,-0.045148720889443675
0.08761099388140707,-0.15781331707800272,-0.08405664907279474
0.11594225264460477,-0.11266537715383933,-0.1163173581395175
0.1312425131576346,-0.056628907963637176,-0.13875857357998256
0.13200069602209594,0.004723721080672441,-0.1491925091127742
0.11814951303839666,0.0653121772615834,-0.1466268142698828
0.09106423612386497,0.11915128129513876,-0.1313551531309827
0.05341985249011343,0.16093878839892176,-0.10492090408807517
0.008922686258584304,0.18657126679220265,-0.06995981367187747
-0.03805607405429338,0.19353991505387683,-0.02993844891214759
-0.08290908982242721,0.18117029662395578,0.011185745735648144
-0.1212428809569949,0.15068459549833776,0.04935046245400064
-0.149306550041424,0.1050810120187138,0.08078442653710798
-0.1643585061802416,0.048841331887362366,0.10237593819116164
-0.16493578391675826,-0.01250648869241444,0.11197875951510064
-0.15099913506308527,-0.07292981970640833,0.10862510175296919
-0.12393850167775333,-0.1264850539652898,0.09262360208011973
-0.08643696483751093,-0.16790512410292027,0.06553100971052904
-0.042205591492096406,-0.19312166227060099,0.02999897473113466
0.004384796781192574,-0.19966821278235927,-0.010489481082166205
0.0487377421972996,-0.18692272333864035,-0.05196718700701602
0.08648676836317386,-0.1561644281834878,-0.09037788575292018
0.11392591658551388,-0.11044014405635232,-0.12197820252937303
0.12837172798372606,-0.054255328772530184,-0.14370534566746823
0.1284210958422116,0.006876631066069703,-0.1534738492739831
0.11408091114560764,0.06697968924982622,-0.15037303946082217
0.08675893326538256,0.12019969457389505,-0.13474782809494057
0.04911917647514401,0.16137096263128206,-0.1081574146761955
0.004817865733060794,0.18651120979882208,-0.07321815115935389
-0.04185338172094275,0.1931994330029998,-0.03334717081650772
-0.08638270265017074,0.18080298574717102,0.007568248021613178
-0.12447236261414113,0.15053403208073268,0.045544566874964595
-0.1524518613533982,0.10533073098011561,0.07688456478507949
-0.16763114229032938,0.049573996152883604,0.09853315935385394
-0.16856036779521613,-0.011334438149025803,0.10837292444553803
-0.1551708554147338,-0.07149369537307292,0.10543057469148163
-0.1287825522866,-0.12507590346922745,0.08997337825630615
-0.09197612072137226,-0.16689340009820786,0.06348466991270771
-0.04834119399234332,-0.19290477165204334,0.028519577436517195
-0.0021251884306940205,-0.20060865173008105,-0.011545485181897469
0.042182357415648165,-0.18928518945616873,-0.052844596783318674
0.08028803499990693,-0.16006086863172186,-0.09140160623984617
0.10851126859347826,-0.11579103180154213,-0.12351817148595833
0.1241380219391501,-0.06077363646939573,-0.1461313782916095
0.12567726671422746,-0.0003249876850030902,-0.15710575897509807
0.1129966087764118,0.05973858417835131,-0.15543222739054474
0.08732607527150725,0.1136611752739037,-0.1413166118095966
0.05113209545651388,0.15629567285904175,-0.11615170746666516
0.00787579926038838,0.18358881113444528,-0.08237780574139704
-0.03832010350528108,0.1929590856374251,-0.0432465073357819
-0.08306404435489637,0.18353436399994405,-0.0025106653898302076
-0.12211144007256518,0.15622889005132073,0.03593080466153943
-0.1517655328974283,0.11365346391895711,0.06840093642327127
-0.16922647347578185,0.059867044955667095,0.09179209179487775
-0.17285624062891086,-7.969422779088601e-06,0.10386067679590233
-0.16233417346983617,-0.0602719276985458,0.10344126139009008
-0.13868758089186292,-0.11519059466165259,0.09055894013550543
-0.10419347453940425,-0.15954289317260933,0.06642794148111608
-0.06215997765634656,-0.18912061570956443,0.033335416007130095
-0.016608113505255952,-0.20113075898237975,-0.0055790522665660446
0.028114968105370494,-0.19446035874816678,-0.04662673080365902
0.06775306597848078,-0.16977759887793975,-0.08592552905325156
0.09854699182295881,-0.12945995133260885,-0.11977255305246355
0.11758982237992416,-0.07735803910952202,-0.14499633071967094
0.12309735117437867,-0.01842052490610357,-0.15925444630121843
0.11456899380513873,0.041781369881466336,-0.1612487735543276
0.09282578912727285,0.09758246476728913,-0.15083951926335457
0.059924251555304085,0.14375464794955903,-0.12904961212164737
0.018956362413871244,0.1759912164001557,-0.09796137545434537
-0.026244072502556143,0.19130127091674698,-0.060516927759898025
-0.07146078717076637,0.18828005520650437,-0.02024170762894048
-0.11248714763702258,0.1672325377662653,0.019083444660091715
-0.14551563428220665,0.1301402916743198,0.053772272830670896
-0.16748979013293197,0.08047503898707536,0.08057403157572166
-0.17638685004897334,0.022875351726173904,0.09697477661352538
-0.17140503207272095,-0.03728486013726653,0.10143139499826966
-0.15303763856799216,-0.09439722501988393,0.09351615899108663
-0.12302622688077577,-0.14314305123873028,0.07395729904713359
-0.08419641302216446,-0.17899137994542844,0.04457065662836307
-0.040191309948528396,-0.19862311723895631,0.008088072681827728
0.004872089817049511,-0.20023998683763344,-0.03210135549540221
0.04679037935917354,-0.18372824908433122,-0.07227196845262387
0.08166740822185849,-0.15066180351240754,-0.10871261521340127
0.10627614971318351,-0.10414566907994047,-0.13807366034838228
0.11835447303218503,-0.04851686868665992,-0.15767648213728547
0.11680776113395384,0.011066515685263718,-0.16575659861743827
0.1018010380239326,0.06910739686720854,-0.1616189427115809
0.07473422463499234,0.12027677582500843,-0.1456929016172187
0.038105082246842434,0.15989916998309728,-0.11948438650596602
-0.004725719252103409,0.18437328233043293,-0.08543140469784966
-0.049844895772406556,0.1914918503968568,-0.04667763826288732
-0.09314385575056787,0.18063413188735414,-0.006784948820422576
-0.13069126334914388,0.15281560115621823,0.03058969231624775
-0.1590881803085615,0.11059138557997614,0.062024709946770076
-0.17577465389927896,0.05782209394123478,0.08464310607234499
-0.17926057347732097,-0.0006776850669975345,0.09637304372348904
-0.16925985197314802,-0.05957755904629049,0.09613623883350966
-0.14671522202143242,-0.11351727365312245,0.08394641324682876
-0.11371066075104902,-0.15759631869717663,0.060907847888108005
-0.07327889067664327,-0.18782181554260122,0.02911326492518176
-0.029121521870455632,-0.2014724713491177,-0.008549995552542943
0.014731946634033054,-0.19734402463453476,-0.04866735492541304
0.05429394505210541,-0.17585308943529873,-0.08761231703235647
0.08598240338716139,-0.1389903798293285,-0.12187937186955566
0.10694397521472247,-0.09012926876195332,-0.1484027204508038
0.11530732619010613,-0.033709674377467885,-0.16483110604799342
0.11034429144652792,0.02517125322730912,-0.16973412111527825
0.0925259795623844,0.08122239703317352,-0.16272266721556386
0.0634709189849153,0.12943309524640595,-0.1444747619046019
0.025792038081452914,0.16551652668256747,-0.11666660795037244
-0.01714220980513395,0.1862840770680022,-0.08181693882551673
-0.06151049367606397,0.18991974154043303,-0.04305955775387344
-0.10337823325681689,0.17613264586148553,-0.003864369359531418
-0.13904489478770513,0.1461760257152278,0.03226908888966257
-0.16536932190405235,0.10273184361248902,0.062119644344277136
-0.18004532436503842,0.04967107196589569,0.08302788725440567
-0.1818037118096225,-0.008290056383852674,0.09313056681323001
-0.17052289821781008,-0.06600850268617847,0.0915252509929937
-0.14723784133838566,-0.11837124899399924,0.0783500840317004
-0.1140459400177737,-0.16074999525913067,0.05477070321798085
-0.07391787527898509,-0.1894126052987506,0.022874755120397976
-0.030430332527419647,-0.20185353017086455,-0.01451680399233433
0.012554922636142942,-0.1970127094357996,-0.054104308124321585
0.05123595196005628,-0.17536303285438123,-0.09240606600798561
0.08220769731095762,-0.13885919451742365,-0.12606929670382863
0.10276045284887553,-0.09075418394776824,-0.15216645696816022
0.11111324451709459,-0.0353021356542278,-0.16845012445821794
0.10656231854897294,0.022623602783944867,-0.17354428463517232
0.08953326828330423,0.07796149871978185,-0.16705648449753374
0.06153427628756854,0.12590319451696777,-0.1496029678035246
0.025016588348144846,0.16230701652431193,-0.12274671541245517
-0.016844071496022957,0.1840492107003704,-0.08885555850889255
-0.06042538662977858,0.18928473183057645,-0.05089371311915386
-0.10197164047118035,0.17759741535977006,-0.012164918523617025
-0.1379159040360554,0.1500284486345639,0.0239712786694788
-0.16518451542612808,0.10898166767951269,0.05438672346489423
-0.1814586533935593,0.05801384252118174,0.07645170869952411
-0.18537115170705906,0.0015272844294484883,0.08825964483384474
-0.17662177524223432,-0.05560974849811532,0.08879017054872523
-0.15600076426429993,-0.10848290673729302,0.07799626929227199
-0.12531816478244315,-0.15255583863957367,0.056807182962625526
-0.08724471592415178,-0.18406141219319033,0.027046226549182824
-0.045078097660238785,-0.20032531841586185,-0.00872963323929254
-0.0024552959145997763,-0.19999311889891994,-0.04745419012347993
0.03696310351362797,-0.18314064251154966,-0.08582003401748861
0.06980835691990142,-0.15125860809079553,-0.12056575954228853
0.09329072505079022,-0.10711420534928462,-0.14875636352875843
0.10543343231328839,-0.054503724670142494,-0.16803200683533506
0.1052339237150285,0.0020800816736564905,-0.17680391729492925
0.09273996331365096,0.05783534526449475,-0.1743816855506636
0.06903593404971596,0.10805890530081821,-0.16102280190578608
0.036142461721705356,0.1485399655924593,-0.13790222187512777
-0.0031604934760297767,0.1759074430721215,-0.1070063585179682
-0.04557114494358372,0.1879037274131843,-0.07096169060221798
-0.08754378169804578,0.1835641528291505,-0.03281285092658547
-0.1255842273705889,0.16328918269457152,0.004231523608000312
-0.15653905212952607,0.12880461157656564,0.03706479383983254
-0.1778554077885815,0.08301356334707093,0.06293902334723005
-0.18779062856232948,0.02975230240191743,0.07969185921331158
-0.18555453815771622,-0.026530561822640658,0.08592511621798643
-0.17137258987511847,-0.08114552161420316,0.08112009773751991
-0.1464642848734418,-0.12955370378188635,0.06567956110689754
-0.1129383527575979,-0.16774565396203842,0.040892233380898466
-0.07361336365525269,-0.19257506659736084,0.008822460517596322
-0.03177907741968442,-0.20201868754284727,-0.027865700233110968
0.009080800670737082,-0.19533999892676038,-0.06613459737623412
0.04558033053794545,-0.17314297108744164,-0.10282934182514508
0.07471225703232229,-0.13731222209041175,-0.1349417993226354
0.09409420382130933,-0.09084623174170055,-0.1598592733142348
0.10215978255225887,-0.03759965967221911,-0.17557686029484157
0.0982796087397146,0.018041665599412848,-0.1808563209929679
0.08280367737101765,0.07152454666578717,-0.17531954479488399
0.05702340141825206,0.11850030731180515,-0.1594706279248715
0.02305819029154718,0.15517463296606845,-0.13464659830230383
-0.016322782313995202,0.17860813176101564,-0.10290238048092777
-0.05792835180757945,0.18694513358353856,-0.06684034462520765
-0.0984041291867218,0.17955428743761812,-0.029398523125664745
-0.1345018430885004,0.1570713665168433,0.006385779326387384
-0.16333837885683516,0.12134193575422465,0.0376187404736671
-0.18262455324282012,0.07526882943754672,0.061780528316039834
-0.19084591502275322,0.022576391732015505,0.07692575968059503
-0.1873813782277457,-0.03249022031765008,0.08183813362299444
-0.17255014583020917,-0.08550711716376441,0.07612671014043455
-0.1475829363243213,-0.13222790567968737,0.06025568421936416
-0.11451962197639633,-0.16892519353535337,0.03550479064298458
-0.07604153373300027,-0.19268925829105216,0.003863273985386672
-0.03525230114732034,-0.20165907385858417,-0.03213386811831825
0.004574421004010273,-0.19516657023799353,-0.0696135319955643
0.04025914803956758,-0.1737825747244492,-0.10559832502899479
0.06897062954323624,-0.139261568755096,-0.13724665902890573
0.08844893440020926,-0.09439124881346392,-0.16207900272925632
0.09717980587125982,-0.04276094384622782,-0.17817187279516244
0.09450712252932617,0.011530597162608638,-0.18430447426023389
0.08067582568660484,0.06420322232421963,-0.18004739763635885
0.05680353675859742,0.1111324391334019,-0.16578788634408792
0.024784734498773806,0.14866913109963953,-0.14269136791403053
-0.012863648839915186,0.1739179090301137,-0.11260375500228266
-0.05320231988568359,0.18495402480106427,-0.0779031615207594
-0.09309959751575976,0.18096384532232895,-0.041312971002182286
-0.12947372306738694,0.1622996626243384,-0.005690563823083763
-0.1595294039675835,0.13044575625001786,0.026192564593376686
-0.18097107793105985,0.08789883692355556,0.051863090939617135
-0.19217708809002196,0.03797201711138854,0.06933485654533103
-0.192321722568836,-0.015463015085470839,0.07726037408906374
-0.18143580254546463,-0.06827623533175975,0.07503318331282444
-0.16040103561471786,-0.11639905316476327,0.06283288528232513
-0.13087842154369284,-0.15613882908969723,0.04160899635794732
-0.0951762335790153,-0.18446337801606144,0.013004609386406664
-0.056068043383213785,-0.19923282223246266,-0.020774178065433992
-0.016575421247612132,-0.1993603337907244,-0.05713250479930435
0.0202671244190662,-0.1848892244185055,-0.0932903644422807
0.05164603447592472,-0.15698094170042676,-0.12649888684160024
0.0751828222360208,-0.11781607850103279,-0.15425172328670142
0.08911183624244921,-0.07041770296201817,-0.17447477176022474
0.09240845412019244,-0.018412441797709768,-0.1856797596676419
0.0848588716500402,0.03425074779729695,-0.18707063753711656
0.06706752664226517,0.08360160466488922,-0.178595891899896
0.040403097826692325,0.12594626912321988,-0.16094430161059906
0.006888536697320089,0.15813974339032588,-0.1354859338587181
-0.03095557548391782,0.1778138699802206,-0.10416399716819395
-0.07030208743055784,0.18354539876853734,-0.06934634419151543
-0.10822848495346607,0.17495327958266593,-0.03364784977915526
-0.14193293796334056,0.15271932775774538,0.0002634532077104192
-0.16893979801148068,0.11853160744953184,0.029862721873835683
-0.1872800019857212,0.07495504194762949,0.0529532876727633
-0.19563357402989903,0.02523867774909532,0.06782714610497567
-0.19342399453312156,-0.026926539767904305,0.07338936343824234
-0.18085753296096677,-0.07768195696795722,0.06923717999952211
-0.15890456777945866,-0.12328726054755614,0.05568772358400403
-0.12922420791120168,-0.1603970717300565,0.03375199884953356
-0.09403787047438929,-0.18630718975083777,0.005056936685684171
-0.055961484102165095,-0.19915172994760674,-0.028278576218068903
-0.01780928622879642,-0.198036188631757,-0.06380401801973642
0.017615579591754225,-0.18309661031820398,-0.09892127228823278
0.04772752703233773,-0.15548105587773564,-0.13107791511121744
0.070346378290167,-0.11725586990966592,-0.15795474549231595
0.08385272652594443,-0.07124518525054303,-0.17763336591707374
0.08729983474501761,-0.020817110565095966,-0.18873162785914419
0.08047477025497726,0.03036629977348163,-0.19049768509164455
0.06390553175652816,0.07861612291637399,-0.18285689063884117
0.03881498790765249,0.1204810577809608,-0.16640946301623544
0.00702618820506327,0.1529906967136713,-0.14238040948148623
-0.029173208998400355,0.1738611632234676,-0.11252638277931239
-0.06719716740946656,0.18164983123930853,-0.07900680734261084
-0.10434623279588975,0.17584959398399366,-0.044228663350165266
-0.13799837320506902,0.1569172709604717,-0.010675737587579963
-0.16579270290021836,0.12623502223308544,0.019266062228359495
-0.18579369139886084,0.08600790660193422,0.04347557839080891
-0.19662477329772612,0.03910481028747672,0.060244197059909084
-0.19756226729535548,-0.011146294534171925,0.0683944514498288
-0.18858312149841674,-0.06119463735531407,0.0673611337465413
-0.1703631202323278,-0.1075180013240595,0.05722905897591337
-0.14422564899722212,-0.14687134977204525,0.03872460197199789
-0.11204468866390993,-0.1765148847878749,0.01316146460167869
-0.07610911505158513,-0.19440501629268536,-0.017655429493788576
-0.038958309953074956,-0.19933440068388275,-0.05156078066586121
-0.00320125708255335,-0.19101107639437426,-0.08618466194921773
0.02866752215638354,-0.17007145340499288,-0.11912144265680683
0.05444176356421138,-0.1380270605465667,-0.14809928201974973
0.072354584512364,-0.09715001857495706,-0.17113780025758357
0.08119653985927068,-0.0503067083147217,-0.18668277711372147
0.08039296044549862,-0.0007526510153782654,-0.1937088234162479
0.07003612882736993,0.04809603949610642,-0.19178366032046998
0.050871198622307455,0.09289823062009284,-0.18109063088796554
0.02423798379558459,0.1306141744924319,-0.1624090808874461
-0.008026390638857652,0.15870783882882286,-0.13705505125838727
-0.04371662743746287,0.1753124216087366,-0.10678716258068402
-0.08041107125193896,0.1793490910350186,-0.07368454911002235
-0.11563594237683177,0.17059218272120683,-0.040005177306008416
-0.14703121368466826,0.14967749735764446,-0.008033854612659893
-0.17250743529641885,0.11805382482942169,0.020070296995510804
-0.19038347097869418,0.07788124746202577,0.04241716100131921
-0.19949632316668017,0.03188302048646964,0.057510540947159634
-0.19927595668046869,-0.016839249039207804,0.06434653467926484
-0.1897802304276508,-0.06501496820546732,0.062478817122882724
-0.17168762204370777,-0.10942454954497717,0.05204635069143661
-0.14624824698587846,-0.1471152013046851,0.03376151485137921
-0.11519654810734169,-0.1755977901368785,0.008859376087795898
-0.08063174431887431,-0.19301123598432965,-0.020988396010053104
-0.04487444334790037,-0.19824314943387397,-0.05378886337742824
-0.01030952633305664,-0.19099859444255535,-0.08736414058275264
0.020773666360244143,-0.1718126969155268,-0.11949893178161272
0.046332767553729094,-0.14200697765338202,-0.14808881169249252
0.06470516839646347,-0.10359338146591585,-0.1712789399325387
0.07471347456335427,-0.05913363215101017,-0.18758387711886162
0.07573713052647199,-0.011564461318682518,-0.19598083316051815
0.06774626062473355,0.035998763151734156,-0.19597082467008933
0.05129646456862976,0.08046652796116747,-0.18760462308147108
0.027485912913039694,0.1189743411532959,-0.17147281922735003
-0.00212156241169101,0.14906404574465554,-0.14866163061611548
-0.03560172102413429,0.16883637387629705,-0.12067810206002572
-0.07079633821069328,0.17706598072484878,-0.08935001906324073
-0.10545260216181107,0.1732726908842958,-0.05670713082453713
-0.1373667456339654,0.15774538246484826,-0.02485115885815933
-0.16452310323891625,0.13151770592855833,0.004177446653243501
-0.18522016669942445,0.09629758711200051,0.02852794304169211
-0.19817602315915628,0.05435510576829143,0.046655157493640936
-0.20260678348629288,0.008375774014938013,0.0574157013499403
-0.19827320520020017,-0.038711651730014854,0.060138557528228574
-0.1854926336961111,-0.08392203902114176,0.05466554797488588
-0.16511554079039298,-0.12440358563459071,0.041359019824178264
-0.1384682111034315,-0.1576181906968621,0.021076180096753334
-0.10726536229996635,-0.18150080224407084,-0.00488827246373768
-0.07349851244327357,-0.19458737965223535,-0.03488739275012206
-0.03930755368328176,-0.19610322256830603,-0.06702933956947166
-0.006844106033189964,-0.1860061728211883,-0.09929952484011355
0.021864296332127022,-0.1649823692248726,-0.1296892828506525
0.04504033267931149,-0.13439555155537886,-0.15632245813864748
0.061265331835968766,-0.0961940778041327,-0.1775716547884679
0.06956341537167801,-0.0527825706800438,-0.19215684360335342
0.06945656212852461,-0.006867236568714557,-0.19922046736964538
0.06098786383218853,0.038714724771691446,-0.19837495907356917
0.044712360688779144,0.08117061832448565,-0.18972052068971362
0.021656870495469063,0.11792182761920711,-0.17383293954512102
-0.006747970730694763,0.1467574555139939,-0.15172301341693611
-0.038758740516152974,0.1659633687458079,-0.1247707214805665
-0.07242747454276402,0.1744197098492078,-0.09463856193002451
-0.10572049330008211,0.1716619175280143,-0.0631694561103429
-0.13664077807096464,0.157902414666569,-0.03227529117619393
-0.163346817949473,0.13401229388404928,-0.003822544856073044
-0.18426114440999697,0.10146448209201407,0.020478487838491845
-0.1981623895673833,0.06224193233310702,0.039174565446087474
-0.2042556318153489,0.018716303345533446,0.051154687818981436
-0.202217004530107,-0.026495736850897254,0.05571464439096427
-0.19221000258432047,-0.07069010244463546,0.05259708797847316
-0.17487256933666123,-0.11123738451039558,0.04200468975398636
-0.15127580059621848,-0.14573967665160736,0.024585533308928837
-0.12285685510048319,-0.172172583809806,0.0013916294941504275
-0.09133028971890296,-0.1890037282712649,-0.026186840261445014
-0.05858341382289029,-0.19528054233362463,-0.056507353534234576
-0.026562264375137454,-0.19068213882784943,-0.08777543342133676
0.0028446475392024063,-0.17553243154441595,-0.11815315210963005
0.027917624245633578,-0.15077424527358452,-0.1458688640522306
0.04720536869198776,-0.1179066957271778,-0.16932134314618455
0.05960705049513837,-0.07889042534668754,-0.18717204835339857
0.06443230529919391,-0.036027176828786124,-0.19842020989214523
0.061436139825479026,0.00817845047329897,-0.20245670636700547
0.050827345448735836,0.05116644549264223,-0.19909416609354372
0.033250641617548614,0.09046923692759583,-0.18857224719818952
0.009744270996520107,0.12385151701121541,-0.17153851994042965
-0.018323928678212583,0.14943441698662485,-0.14900670567675237
-0.04933789631832191,0.1657975776825385,-0.12229516363721273
-0.08152730195601768,0.1720540699418897,-0.0929494297253859
-0.11306872130681685,0.1678946866058911,-0.06265329173088365
-0.14218843872727116,0.15359977486751583,-0.03313333541401577
-0.1672613188197437,0.13001844536062374,-0.006062122451718152
-0.18690046718649947,0.09851663322624436,0.017034831274439766
-0.20003291736904058,0.06089705070481657,0.0348633201656379
-0.2059573208949954,0.01929551067299316,0.04643143331990692
-0.20438056279864464,-0.023940642632667205,0.0511033945633992
-0.19543134823749828,-0.0663852536554669,0.0486332709190827
-0.17965006456463517,-0.10566980250774419,0.03917663701685006
-0.1579555579203703,-0.13961586655307917,0.023279513423965604
-0.1315907980813799,-0.1663560422229243,0.0018452184126148056
-0.10205065207052222,-0.1844364020303517,-0.02391890002791359
-0.07099605433518044,-0.19289464825610808,-0.052571650669615985
-0.04015966456719736,-0.191309610137956,-0.08252086163642637
-0.011248577031626378,-0.1798195147104105,-0.11211391796293246
0.014150251184342776,-0.15910840839219795,-0.13973056121319125
0.03465645656622056,-0.13036206446933354,-0.16387250425465805
0.04916983008245664,-0.09519652867628722,-0.18324475074348615
0.056927104659599444,-0.05556399798111259,-0.19682417243410902
0.0575391980195465,-0.013641897103616948,-0.20391181630647934
0.05100735882349293,0.02828824355023319,-0.20416649900220413
0.037717903946590754,0.06796520874024331,-0.19761840533919278
0.018416413912848994,0.10326903912159455,-0.18466255537078058
-0.0058366924082519905,0.13233219603080357,-0.16603307112409751
-0.03372639836862439,0.15363542851127485,-0.1427601105187827
-0.06375565050851503,0.1660838098367557,-0.11611211297838883
-0.09432626000381229,0.1690595439429947,-0.08752660674938904
-0.12382388219454273,0.16244935893316007,-0.05853326132753261
-0.15070272405227728,0.14664555683485114,-0.030673134711344835
-0.1735657265784139,0.12252103791916696,-0.005418170121059223
-0.19123624160249966,0.09137983192068924,0.015905056603521265
-0.20281766136073529,0.05488581590835702,0.032183549866107435
-0.20773805469976386,0.014973343976882646,0.0425746515102165
-0.20577760198167985,-0.02625558449130577,0.046548461090441695
-0.19707748064396835,-0.06664228156030147,0.043913728341200345
-0.18212980353798142,-0.10408464904917471,0.03482585615185268
-0.16174920961539696,-0.1366467979199392,0.01977658889669365
-0.1370276973491206,-0.16265917662062,-0.00043404227513141205
-0.10927521393896716,-0.18080386557522618,-0.024741949523024404
-0.07994930424834745,-0.19018051405766986,-0.05187690036071291
-0.0505777238568064,-0.19034950317195842,-0.0804308335413533
-0.02267828414809171,-0.18135024436508268,-0.1089327198668843
0.00231970395853048,-0.16369397355825546,-0.13592577864615663
0.023148192645404565,-0.13833187016623655,-0.16004280424995934
0.038763595226858356,-0.10660071058986187,-0.1800755727112275
0.048397286100710944,-0.07014946120568852,-0.19503475820775365
0.05159106544350385,-0.03085115211766869,-0.20419744567488415
0.04821614307031229,0.009294996098654734,-0.2071401176718936
0.03847511802941947,0.04826591060002508,-0.2037558551993576
0.022887323951478817,0.08411618679425707,-0.19425536100047364
0.002258726176359534,0.11507378353393494,-0.1791522371581224
-0.022361740306963338,0.13962538829048754,-0.15923368702886295
-0.049736935057788735,0.15658762513515578,-0.13551843950929415
-0.07850449854325516,0.16516107831226745,-0.10920419888019554
-0.10724490392500761,0.1649649805366745,-0.08160730324693477
-0.1345512823786693,0.15605133018710882,-0.0540975318805487
-0.1590977293759148,0.13889812576400587,-0.0280311415645463
-0.17970292571161015,0.11438231582992427,-0.004685238509616071
-0.19538615364923176,0.08373393744766894,0.014803492716937604
-0.20541314897900012,0.0484737345585366,0.029492879041977307
-0.20932969663717582,0.010337285181988473,0.03867965405239528
-0.2069814403764507,-0.02881070639212023,0.04193206883026764
-0.19851902012329015,-0.06706781214895242,0.039109160366632686
-0.1843883514702305,-0.10258653072740594,0.03036574553639984
-0.16530658994204894,-0.13366364073585751,0.0161429060911787
-0.14222504102351505,-0.15882184554275844,-0.002855534484844041
-0.1162809435432217,-0.17687967204440105,-0.025699310501775357
-0.08874062590467273,-0.18700619167522817,-0.051278879675007036
-0.060936972286560726,-0.18875794089450437,-0.07836096675511703
-0.03420440779085811,-0.18209638287376817,-0.10564956332339603
-0.009814698123301439,-0.16738530906107602,-0.1318492045686396
0.011083244096711934,-0.1453686564763808,-0.1557272804889406
0.027516637360369165,-0.11713024031798148,-0.1761722698843268
0.03873272262902326,-0.08403780456783161,-0.1922450941625318
0.04423135444433292,-0.04767452198631812,-0.20322124355631688
0.043785012688409966,-0.009761593465811848,-0.20862189022507543
0.037445623217352765,0.027924110573815143,-0.2082328258411961
0.025538234088872836,0.06363335389074753,-0.20211070151910265
0.008642208221793053,0.09572490360965927,-0.19057666657188624
-0.012438864178776661,0.12273939176818216,-0.17419806913463082
-0.03671687741928321,0.14346353995079422,-0.15375937528095124
-0.0630665372146517,0.15698216221171454,-0.13022387214810285
-0.09027804287367107,0.16271597275750238,-0.10468804057175703
-0.11711271476034556,0.1604438742820235,-0.07833071477183555
-0.142359102688411,0.15030906761625742,-0.05235929430254247
-0.16488714693659898,0.13280898577742048,-0.027955340751737168
-0.18369808469038487,0.10876970127254657,-0.006221881366939563
-0.19796799624898034,0.07930607153309095,0.011865345070345586
-0.20708316281674427,0.04576945962839777,0.02550062864595879
-0.21066575586714179,0.009685379490822824,0.03408318510927847
-0.2085887895387025,-0.027316152658594186,0.03724269785258219
-0.2009797314376899,-0.06357444801044163,0.034854385503906196
-0.18821266824398647,-0.09747283625787133,0.02704293084662904
-0.17088944046548046,-0.12751083550194373,0.014175109942070089
-0.14981067102856305,-0.15237051461560974,-0.003158511050148294
-0.1259380876418348,-0.17097402310459925,-0.024171917939728033
-0.10034995079097178,-0.18252968486181137,-0.047920644603810646
-0.07419172155839301,-0.186564615666134,-0.0733456136424545
-0.04862431478443653,-0.18294249961390766,-0.09932168370466848
-0.02477236931027932,-0.17186590641029367,-0.12470855630641513
-0.003674923167197411,-0.15386330246133953,-0.14840161845384775
0.013759287634254018,-0.12976165487288424,-0.1693803564291099
0.026789968597632805,-0.10064620262158784,-0.1867521623849933
0.034875276627278615,-0.06780953461803908,-0.19978965082510333
0.03769256554079834,-0.032692542251079315,-0.20795998120156012
0.03514919937965764,0.0031799109975112587,-0.2109451162380811
0.0273832379682519,0.03826564076743861,-0.20865240299673407
0.01475425135837454,0.07107117917307933,-0.20121531733783274
-0.0021750687489844422,0.10021442079605554,-0.1889846391192162
-0.022665476755576276,0.12448136427885506,-0.17251070803851354
-0.04583460543693091,0.14287478356222494,-0.15251773745167424
-0.07069572642394756,0.15465306849806393,-0.12987143041362334
-0.09620015036144135,0.15935791748387942,-0.10554134754834893
-0.12128149309830848,0.15683002720381115,-0.080559621930811
-0.1449000126333069,0.14721239263533378,-0.055977704955044894
-0.166085259454428,0.13094129347405242,-0.032822862111427334
-0.18397537673938114,0.10872549234465544,-0.01205612072104937
-0.19785153346228684,0.08151459755510876,0.005466696234058236
-0.20716616979178584,0.05045794002889814,0.01902933518342822
-0.21156397684663839,0.01685567017285504,0.028083531752709938
-0.21089481723061052,-0.017895916352783276,0.03227036317822446
-0.20521811207540844,-0.05236257844529308,0.03143368226882205
-0.19479856516869362,-0.08513145385740647,0.025625096168726127
-0.18009345276453784,-0.11486904557118398,0.015100301366391417
-0.16173206374007015,-0.14037545109148988,0.00030695478386147076
-0.14048821171629391,-0.16063256867612963,-0.018135368044393224
-0.11724704061565691,-0.17484427631422575,-0.03946222279647556
-0.09296759061586134,-0.1824669407047346,-0.06279713367737928
-0.06864276771808207,-0.18322905778348422,-0.08718874028310153
-0.04525845630574872,-0.17713932977027907,-0.11165059346366263
-0.023753524471243924,-0.16448301741677435,-0.13520184332859694
-0.004982396771393364,-0.14580693873603198,-0.15690705758705203
0.010318285409437706,-0.12189398596368398,-0.17591349290064293
0.021557618141139465,-0.09372847306204035,-0.19148430730959334
0.028311981040707437,-0.06245398461120947,-0.20302643403676762
0.030339461812783314,-0.029325658596359615,-0.21011211827051296
0.02758677125227127,0.00434100648994207,-0.2124934293110478
0.020188584272382914,0.0372226748899814,-0.2101093814239903
0.008459548755908645,0.06803992259282403,-0.20308561053430738
-0.007120519388356839,0.09560623184466298,-0.1917268463634825
-0.025927498426946874,0.11887244368021217,-0.17650268044036294
-0.047218929280045674,0.13696512623779344,-0.15802735316415006
-0.07016399079074565,0.14921759887471037,-0.13703446477735953
-0.09387627959385796,0.15519265769090618,-0.11434765540176427
-0.11744813377839641,0.1546963656821547,-0.09084839961664166
-0.1399852224956428,0.147782591504329,-0.06744212362102349
-0.16064014548252903,0.13474829794344806,-0.04502388001786732
-0.17864384463648775,0.11611988927275721,-0.024444808329188026
-0.19333372212132094,0.09263122096194755,-0.006480569337992674
-0.20417748406291367,0.06519415071950041,0.008197131630011002
-0.21079188368410343,0.03486276081967833,0.01904492357499658
-0.2129557201760975,0.0027926011676688797,0.02566718139214369
-0.21061665614318875,-0.029803517446051572,0.027829772536306675
-0.20389164208807553,-0.061701518682984575,0.025467642931409875
-0.19306097443023554,-0.09171210846300647,0.01868597329783756
-0.17855625554804214,-0.11872512858402941,0.007754882248571605
-0.1609427604105522,-0.14175052855417122,-0.006902093731116862
-0.14089693367752532,-0.15995439851599208,-0.02472526256220288
-0.1191799326815447,-0.17268870565603237,-0.04504106539685389
-0.09660828519411525,-0.1795136379845708,-0.06708847037604532
-0.07402283774688728,-0.1802117712095427,-0.09004838478347849
-0.052257224513422254,-0.17479362105426277,-0.11307488489458331
-0.032107085531217466,-0.16349450643960325,-0.13532700591655003
-0.01430120704548841,-0.1467630088621916,-0.15599983732342937
0.0005243498574715433,-0.12524165086815292,-0.17435372996778412
0.011848216163609976,-0.09974071461821793,-0.189740535006563
0.019281045031694647,-0.0712063664529969,-0.20162595204742648
0.022577679276086393,-0.04068443573197501,-0.20960725385550033
0.021643848205173087,-0.009281311422098152,-0.21342586519539936
0.016537303728783526,0.021876532040841078,-0.2129744917053207
0.007463513933938052,0.05168288316605585,-0.208298709964456
-0.0052337770518486775,0.07909059069722656,-0.19959313280675295
-0.021086647056939026,0.10314750227615391,-0.18719244740732063
-0.03952113622112867,0.12302839170681275,-0.17155778305864092
-0.059878703821225426,0.13806190369411836,-0.15325899840450963
-0.0814401948492104,0.14775174445779984,-0.13295358356630974
-0.1034514575280185,0.15179155632298014,-0.11136295172812062
-0.12514972807585614,0.15007312807962997,-0.08924694872950904
-0.14578989959542898,0.1426878058256566,-0.0673774396561327
-0.1646698162098906,0.12992117753783516,-0.04651183974638405
-0.1811537799284666,0.11224130583170949,-0.027367444142190927
-0.1946935248655541,0.09028097458984871,-0.010597377584909603
-0.20484600015514276,0.06481459346909331,0.0032310688514907075
-0.21128740793351883,0.03673056632464203,0.013655021623074352
-0.2138230645260638,0.007000071205567641,0.020330932233034973
-0.21239278930200622,-0.023356683974593895,0.023045327024139934
-0.20707167357305897,-0.05330557986911666,0.021721052069423177
-0.1980662374680618,-0.08183387735202949,0.016418816081902033
-0.18570614099667876,-0.10798447085678053,0.007333996087228381
-0.17043177074615976,-0.13088792449776424,-0.005211161446962198
-0.1527781694778204,-0.14979118945114178,-0.020779644079634316
-0.1333559057619017,-0.16408202229300486,-0.03883562261551998
-0.11282958847216214,-0.17330828551943026,-0.05876364458901098
-0.09189481103975816,-0.17719150709800036,-0.07989035166275701
-0.07125435873534147,-0.17563429701384295,-0.10150791192461592
-0.05159452650706075,-0.16872145490441173,-0.12289830432124228
-0.03356237459402125,-0.15671484246106376,-0.1433575762073252
-0.01774469581027863,-0.14004232555357868,-0.16221921638406425
-0.004649385481079861,-0.11928130297997136,-0.17887584282983293
0.005310202488567005,-0.0951375219025813,-0.19279849223993206
0.01182745588754213,-0.06842002717066907,-0.20355291147025487
0.014710940944177783,-0.04001319824202726,-0.21081238192990326
0.013888898193416216,-0.010846891436148145,-0.21436674938336742
0.009409761071611972,0.018134272498114567,-0.2141274762116969
0.001438794614189944,0.046001452107637265,-0.2101286743995092
-0.009748926333259637,0.07187098769441737,-0.20252420994922704
-0.02377887301459526,0.09493176938044534,-0.1915810890106357
-0.04019033662884403,0.11446977958412172,-0.17766944007639865
-0.058452132475139175,0.12988913716150133,-0.16124949373758396
-0.07798019350270544,0.1407290999460146,-0.1428560313840263
-0.09815647702694887,0.14667661823568864,-0.12308082731296613
-0.11834858988616934,0.1475741701227869,-0.10255364588035451
-0.1379295345751346,0.14342274749745046,-0.0819223776701807
-0.15629699076406783,0.134379996866544,-0.061832907179984825
-0.17289157206313518,0.12075365009529833,-0.042909300007288105
-0.18721353604166321,0.10299050533145225,-0.025734880447239077
-0.19883747560152032,0.08166133623133023,-0.010834740957146392
-0.20742458112163298,0.05744221647928183,0.0013398169111176175
-0.21273213454151582,0.03109284442575563,0.010424464826146364
-0.21461997771955568,0.003432537015954125,0.016152274634618335
-0.2130537866101243,-0.02468536974600252,0.01836108992721172
-0.2081050782065959,-0.052399927713073495,0.016997631593683605
-0.19994797642018988,-0.07886897808234142,0.012118225237732722
-0.1888528632086817,-0.10329473252257759,0.00388614331651588
-0.17517713899093204,-0.12494774325281066,-0.007434336983534419
-0.15935340804534745,-0.14318852269722293,-0.021486951836104527
-0.14187548647372342,-0.15748615114040967,-0.037835234556780326
-0.12328269887006098,-0.16743331304864623,-0.05597666273380781
-0.10414298196239849,-0.17275732589882153,-0.07535868857578011
-0.08503534678579718,-0.17332686462094557,-0.0953961126400359
-0.06653226389222867,-0.1691542341993927,-0.11548922238293108
-0.04918252824650216,-0.16039319599896815,-0.13504210096723404
-0.033495132427450974,-0.1473325031738738,-0.1534805188952518
-0.019924630229651047,-0.13038544054071946,-0.17026885039209402
-0.008858410337242871,-0.110075788740438,-0.18492550588469084
-0.0006062247203093738,-0.08702073667819615,-0.197036438222231
0.0046077674602457925,-0.06191134679001033,-0.20626635954021938
0.0066502684328535,-0.035491232816965326,-0.21236739356511353
0.005481340734592905,-0.0085341391384722,-0.21518498032075353
0.001154141760865394,0.018178884661239555,-0.2146609425262511
-0.006188018744537994,0.04388203832236677,-0.21083371187786024
-0.016317136718138853,0.06784641656596935,-0.20383579598206833
-0.02892826103900558,0.08940016190696343,-0.19388864082205992
-0.043649249525457304,0.10794660738000852,-0.18129510793387188
-0.060052209943560315,0.1229799679338381,-0.1664298392801687
-0.07766627005320732,0.13409822138171132,-0.14972782605209084
-0.09599129906903925,0.14101290537169947,-0.1316715306367524
-0.11451219127791312,0.1435556436779028,-0.1127769343492069
-0.13271332023961357,0.14168130152250025,-0.0935788979337239
-0.15009277830370465,0.13546775435049319,-0.07461622795237917
-0.1661760304615178,0.12511233653642023,-0.05641684054014697
-0.18052863326574745,0.11092511512560094,-0.03948340498353409
-0.19276769822443618,0.09331920816537635,-0.024279833364082615
-0.2025718142980658,0.07279843665209537,-0.011218959144424867
-0.20968918548281087,0.0499426626298886,-0.0006517170343308565
-0.213943786463409,0.025391222338045725,0.007141901250273232
-0.21523939133560632,-0.00017508888511832222,0.011959885508774635
-0.21356138659238072,-0.026052985530918324,0.013683061518920809
-0.20897633884625713,-0.05153609429204226,0.01227764059774508
-0.20162934875183067,-0.07593425677118723,0.007795405826596133
-0.19173928366335066,-0.0985922012601183,0.0003715423117474874
-0.17959204085879568,-0.11890706960226856,-0.009779813873649386
-0.1655320486927508,-0.13634431818741127,-0.022372166941134496
-0.1499522627829325,-0.15045156054399442,-0.03705518850817944
-0.1332829563617727,-0.16086998165721786,-0.05342491890105539
-0.11597963653490716,-0.16734302914212598,-0.07103533186647157
-0.09851044003556736,-0.1697221711246623,-0.08941091326680657
-0.08134337225877865,-0.16796960193226276,-0.10805987780676357
-0.06493375154455469,-0.1621578708756787,-0.12648763453454231
-0.049712207062545435,-0.15246650275104348,-0.14421011219170796
-0.03607355399391154,-0.13917576751342456,-0.16076656915360926
-0.02436683527289014,-0.12265783748621356,-0.1757315387255841
-0.014886776614629536,-0.10336564060534947,-0.18872559736443215
-0.00786685288412348,-0.0818197753565618,-0.1994246889439232
-0.0034741111790332854,-0.05859389581883471,-0.2075677901438629
-0.0018058414549309532,-0.03429900294652479,-0.21296275795831646
-0.0028881311590261832,-0.009567091035831367,-0.21549025778063094
-0.006676287991268905,0.014965402971376699,-0.2151057273161017
-0.013057066124085746,0.038673913754483494,-0.21183938579194414
-0.02185258719151681,0.060961416971336536,-0.20579434805657504
-0.032825808960549346,0.08127307945250167,-0.19714294808016805
-0.04568736233845954,0.09910955732641415,-0.1861214153894797
-0.06010355146442458,0.11403865571230745,-0.17302308076540282
-0.07570529204760017,0.1257051136072398,-0.1581903140812034
-0.0920977496277337,0.13383832952137842,-0.14200541767055377
-0.10887043170770662,0.13825789604634256,-0.12488071343994983
-0.12560748533869956,0.13887686390925183,-0.1072480714983546
-0.14189795431560817,0.13570270744431265,-0.08954813278384538
-0.15734575727632247,0.12883601326717425,-0.07221947838372374
-0.1715791593538932,0.11846696185296603,-0.05568799424422264
-0.18425952531827933,0.10486971734246728,-0.04035667192147715
-0.19508916112055727,0.08839488387127793,-0.026596074016865024
-0.20381807319564071,0.06946022661337581,-0.014735676979703493
-0.21024950056066796,0.04853989203568627,-0.005056284033339724
-0.21424410339433442,0.02615239394403207,0.002216322906710944
-0.2157227230505308,0.0028476590265688662,0.006916351220018291
-0.2146676618948253,-0.020806553044806504,0.008941475807062527
-0.21112246637492146,-0.04423852515143413,0.008254752611585014
-0.20519023263094963,-0.06688641676710769,0.0048849299282368855
-0.19703048987315266,-0.08821172012290965,-0.0010748406769163323
-0.18685475174928792,-0.10771201145542067,-0.009469851763353757
-0.17492085896515697,-0.12493268841444338,-0.020088163695549003
-0.1615262664581521,-0.13947741148312606,-0.03266628418479763
-0.14700045443779391,-0.15101700219852368,-0.0468960478245358
-0.13169666367587954,-0.1592965931677179,-0.06243250856450065
-0.1159831707836908,-0.164140873099227,-0.07890263235608502
-0.10023432829399917,-0.16545732273853295,-0.09591455797000759
-0.08482159685889502,-0.16323739289553849,-0.11306718197403069
-0.07010479274102564,-0.15755563172312537,-0.1299598194728499
-0.05642376325439001,-0.14856682306096755,-0.14620169550933843
-0.0440906864049371,-0.1365012490922243,-0.16142103270406027
-0.03338316942759941,-0.12165823705888709,-0.17527351813463551
-0.02453829513823256,-0.10439818991328054,-0.18744995571186604
-0.017747736068365872,-0.08513333346780941,-0.19768293826463
-0.013154025345790904,-0.06431743715138988,-0.20575240493466868
-0.010848041345602834,-0.042434781596950515,-0.2114899829886426
-0.01086773132951564,-0.01998865405744413,-0.21478204749058386
-0.01319806857633344,0.00251034749860901,-0.21557146625488702
-0.017772208701557646,0.024555928129902604,-0.21385803008482024
-0.024473784621967677,0.04565736771568869,-0.20969759865283208
-0.03314025641951206,0.06535021001274906,-0.20320001986581768
-0.043567212504641524,0.08320615143010633,-0.19452590476119266
-0.05551350212234512,0.09884193841003286,-0.18388236067419372
-0.06870706640093943,0.11192711095813856,-0.17151780254819451
-0.08285132572487068,0.1221904598775301,-0.1577159759064195
-0.09763197505392333,0.12942509590476983,-0.1427893353380767
-0.11272403570213664,0.1334920596324652,-0.1270719296024837
-0.1277990118011412,0.13432243138312105,-0.11091194886809133
-0.1425320019776437,0.1319179297362287,-0.09466409141500491
-0.15660862146434795,0.12635001596082224,-0.07868190654132456
-0.16973159675497723,0.11775754898418335,-0.06331026757920569
-0.18162690385287547,0.1063430615773703,-0.048878123947049296
-0.19204933201847224,0.09236775300123881,-0.03569167409176381
-0.20078736757783444,0.07614531624703941,-0.02402809202415909
-0.20766730669808472,0.058034738992567066,-0.014129928916110281
-0.21255652193711477,0.03843223619248558,-0.006200297907519589
-0.2153658246765546,0.017762488489294927,-0.00039893488870101473
-0.21605088404625464,-0.0035306260158734348,0.0031607893445545414
-0.21461268238835718,-0.024993609066855462,0.0044138493711155845
-0.21109700737062445,-0.046173024773722274,0.0033445024700122484
-0.20559300116076692,-0.06662508131492796,-1.3830339355332538e-05
-0.19823080717785022,-0.0859249080194949,-0.0055797299995008825
-0.1891783743599806,-0.1036753308797228,-0.01322595916640332
-0.17863749711846358,-0.11951496107318503,-0.022782600504624842
-0.1668391856715355,-0.13312542717660955,-0.03404107621240197
-0.15403847577037197,-0.14423760215377093,-0.046758951345225896
-0.14050879849880013,-0.1526367004328376,-0.06066540574514232
-0.12653603947216446,-0.158166147821023,-0.0754672445868425
-0.11241242210296197,-0.16073015685061962,-0.0908553062334379
-0.09843035147865933,-0.16029497150857538,-0.10651111863912725
-0.08487635377394179,-0.15688877719603037,-0.12211365217415056
-0.07202524108853682,-0.15060030319446688,-0.13734601754293255
-0.060134623381098276,-0.14157617490766689,-0.1519019623112542
-0.04943987809127876,-0.13001710080573584,-0.1654920281814913
-0.040149674532879064,-0.1161730035405788,-0.17784924314074912
-0.03244213469904265,-0.10033722550696828,-0.18873423742248377
-0.02646169528860691,-0.08283995574266566,-0.19793968925230937
-0.022316718100320595,-0.0640410372363367,-0.2052940249316265
-0.020077877997667817,-0.0443223213716778,-0.2106643172785892
-0.019777339935797486,-0.024079739482942498,-0.21395834615122558
-0.021408719523072803,-0.0037152605855431246,-0.2151258041349247
-0.024927805652925558,0.01637110034709132,-0.21415864897787215
-0.030254009198161614,0.035789067196218216,-0.21109062158976852
-0.037272488838553296,0.05416553503635636,-0.2059959640695689
-0.04583689394210387,0.07115151748791561,-0.19898738608697691
-0.05577265511544592,0.08642849134181606,-0.19021333989494482
-0.06688074558999373,0.09971403670140017,-0.17985467426451524
-0.07894183097627333,0.11076668764318179,-0.16812074574466984
-0.09172072101910807,0.11938992553751432,-0.15524507194437467
-0.10497103471537132,0.12543526437578872,-0.14148061613006244
-0.11843998939492262,0.12880439447230374,-0.12709479546322294
-0.13187322499253748,0.1294503675579104,-0.11236430680405458
-0.14501957663808035,0.12737782242177284,-0.09756986430140781
-0.15763571175894295,0.12264226578894788,-0.08299094207968695
-0.16949055203193664,0.1153484379717753,-0.06890061329829644
-0.18036940566460674,0.10564780694018715,-0.055560573750803366
-0.1900777415634654,0.09373524775594683,-0.04321643401754893
-0.1984445439018426,0.07984497673174538,-0.032093358996676064
-0.20532519337791044,0.06424582111045846,-0.022392127413308642
-0.21060382999459604,0.04723591538990961,-0.014285676642506939
-0.21419516142711204,0.029136924495420647,-0.007916189885474169
-0.21604569088301467,0.01028790165482007,-0.003392773437022006
-0.21613434869395406,-0.00896110512872054,-0.0007897615319666131
-0.214472522571627,-0.028255579874140943,-0.0001456751532270248
-0.21110349234964756,-0.047243078310955276,-0.001462849362812173
-0.20610128592847243,-0.06557965998388755,-0.004707731362602519
-0.1995689838296892,-0.082936094480495,-0.009811838833960687
-0.1916365100192679,-0.09900372802089215,-0.016673355413169427
-0.18245795623810704,-0.11349990354052032,-0.025159327734770788
-0.1722084957441448,-0.12617283658296066,-0.03510841663843728
-0.16108094989647337,-0.13680586065502756,-0.04633414421414825
-0.14928207719345782,-0.1452209689551288,-0.058628568672011716
-0.1370286590418186,-0.15128159426606885,-0.07176631085712219
-0.12454345955206138,-0.15489458493591302,-0.08550884983383471
-0.11205113794713832,-0.1560113518326461,-0.09960900052875897
-0.09977419170988631,-0.15462817849177515,-0.1138154840712352
-0.08792900641113473,-0.1507857039066034,-0.12787750125325537
-0.07672208434053071,-0.14456760406997962,-0.1415492214198707
-0.06634651874369812,-0.1360985140216482,-0.15459410299304527
-0.05697877383493063,-0.12554124639029957,-0.16678896755476674
-0.048775823022878674,-0.11309337490924518,-0.17792775673827746
-0.04187268920199172,-0.09898326186866234,-0.18782490982307712
-0.036380421783613996,-0.08346561676651312,-0.196318309592723
-0.032384535629444086,-0.06681667943998247,-0.2032717543723806
-0.029943927460655804,-0.049329124687318586,-0.20857692489426113
-0.02909027588512328,-0.03130678689014543,-0.21215482543718842
-0.02982792212448285,-0.013059302548654124,-0.21395668927234607
-0.03213422001272923,0.005103233869643576,-0.2139643485780663
-0.03596033602450272,0.022875509569124635,-0.2121900784625115
-0.04123247308378415,0.03996204299860031,-0.20867593340054455
-0.047853485776342644,0.056081964627959696,-0.2034926021426152
-0.055704849382598044,0.07097345794803263,-0.1967378139257056
-0.06464894087258216,0.08439779813794776,-0.18853433458534485
-0.07453158664754687,0.09614293472094734,-0.17902759594279324
-0.08518482934003932,0.10602657365948946,-0.16838300565837114
-0.09642986434846074,0.1138987235554487,-0.15678298765494042
-0.1080800959269856,0.11964367978453741,-0.14442380529045637
-0.1199442625170488,0.12318142939896215,-0.13151222076553978
-0.13182958153234284,0.12446846839911253,-0.11826204485999148
-0.14354486493861504,0.12349803144673382,-0.10489063106374356
-0.15490355865120295,0.12029974222889415,-0.09161536755604423
-0.16572666096243335,0.11493870045607799,-0.07865021933320158
-0.17584547786974813,0.10751402886669852,-0.06620237111938163
-0.1851041762716412,0.09815691059239831,-0.05446901953465823
-0.19336209950466926,0.08702815378765143,-0.04363436034815344
-0.2004958135857018,0.07431532650936021,-0.03386681351339074
-0.20640085677395767,0.060229510403003304,-0.02531652506661695
-0.21099316964920964,0.04500172675563402,-0.01811318086660905
-0.2142101877825151,0.02887909284583776,-0.012364162571564908
-0.21601158421303163,0.012120770180626916,-0.008153071199845633
-0.21637965428855646,-0.005006230922881717,-0.0055386381347182516
-0.21531934091737864,-0.022231323961071726,-0.004554037553372681
-0.212857903842846,-0.03928462858680193,-0.005206608050379505
-0.2090442421070667,-0.0559011951770873,-0.007477984767844932
-0.2039478843244637,-0.07182510520527752,-0.011324636740220847
-0.19765766664042803,-0.08681338319033123,-0.016678797529653823
-0.19028012320185786,-0.10063965931619227,-0.023449770700560372
-0.1819376185110663,-0.11309752624166255,-0.03152558540211694
-0.17276625507189175,-0.12400353910237118,-0.04077497144114887
-0.16291359317386703,-0.13319981415483964,-0.05104961788026497
-0.15253622241559092,-0.14055618880892862,-0.06218667452353316
-0.1417972265760048,-0.14597191378982258,-0.07401145177641076
-0.13086358465467415,-0.14937685668928893,-0.08634027138940165
-0.11990355129300682,-0.15073220501370924,-0.09898341859185357
-0.10908405935371839,-0.15003066580626861,-0.11174814513994775
-0.09856818619486951,-0.14729616780112906,-0.12444167285614198
-0.08851272316889235,-0.1425830806504048,-0.13687414830862724
-0.07906588516838488,-0.13597497385405416,-0.14886150131986997
-0.07036519370940242,-0.12758294544121365,-0.16022816292529304
-0.062535563184676,-0.1175435570472255,-0.1708096021239191
-0.05568761563968818,-0.10601641768213495,-0.18045464514972803
-0.04991624483659685,-0.09318146310577521,-0.1890275459088364
-0.04529944558971916,-0.07923598125876291,-0.1964097815286385
-0.041897419494943425,-0.06439143662965006,-0.20250155250426724
-0.0397519633416972,-0.048870147780918936,-0.207222972562616
-0.03888614178866058,-0.03290187255498785,-0.21051493896141563
-0.03930424139045531,-0.01672035480580463,-0.21233967938060255
-0.04099199885579515,-0.0005598849420963417,-0.21268097674224073
-0.04391709255724788,0.015348075770203773,-0.21154407812909
-0.048029882843145404,0.030778160202411642,-0.2089552983957385
-0.053264383653056045,0.045514206261350686,-0.20496133303483086
-0.059539445325774445,0.05935217427985911,-0.1996282983476205
-0.06676012631700587,0.07210283578888332,-0.1930405199629197
-0.07481922980646043,0.08359420307812536,-0.18529909325593186
-0.08359897985619347,0.0936736735950699,-0.17652024125447296
-0.09297281086271902,0.10220986792142846,-0.16683349720946197
-0.10280724349942522,0.10909414473599724,-0.15637974017983075
-0.1129638201455754,0.11424178077113188,-0.14530911277267916
-0.12330107291547177,0.11759280825624122,-0.13377885062168016
-0.13367649780875931,0.11911250668645046,-0.12195105331287405
-0.14394850917473787,0.11879154993743223,-0.10999042630635536
-0.1539783495968693,0.11664581375478793,-0.09806202297976857
-0.1636319314382467,0.1127158524693669,-0.0863290152547463
-0.17278158762743126,0.10706605742211459,-0.07495052037493327
-0.18130771079217467,0.0997835130173838,-0.06407951029350611
-0.18910026155374413,0.09097656955469029,-0.05386082880428802
-0.196060128665806,0.08077315500530467,-0.04442934001552368
-0.2021003257086304,0.06931885068757804,-0.03590823001898102
-0.2071470112208325,0.056774758334684164,-0.028407481648640837
-0.21114032145468623,0.04331518831705433,-0.022022540053243687
-0.21403500736266876,0.0291252007514278,-0.01683318442850089
-0.21580086994471293,0.014398032867962932,-0.012902618675111784
-0.21642299068641171,-0.0006675527170976883,-0.010276790980656769
-0.21590175647287654,-0.015869963297012873,-0.008983949386276207
-0.21425268104170103,-0.031007478963300476,-0.009034437319403735
-0.21150602770819973,-0.045880927122551055,-0.010420729885853958
-0.20770624071995772,-0.06029629316839656,-0.013117708459854523
-0.20291119513613046,-0.07406723282595618,-0.01708316783756167
-0.19719127753857404,-0.08701745318054266,-0.0222585469823621
-0.19062831212480194,-0.09898293139628046,-0.028569871247268782
-0.18331434876583808,-0.10981394260656406,-0.035928890971820684
-0.17535033139632988,-0.11937687138721347,-0.0442343985792633
-0.16684466660449618,-0.1275557845622475,-0.053373703803621664
-0.15791171347537486,-0.1342537467866794,-0.06322424451048264
-0.1486702165883898,-0.13939386433499526,-0.07365530878824937
-0.13924170456277457,-0.14292004672306663,-0.08452984261811476
-0.12974887667320392,-0.14479748012329632,-0.09570631651053997
-0.12031399982295057,-0.14501281091145438,-0.10704062404158309
-0.11105733757143033,-0.14357404202106594,-0.11838798523961584
-0.10209563198398905,-0.14051014899080436,-0.1296048282548327
-0.09354065782887626,-0.13587042658982448,-0.14055062367125853
-0.08549786712117934,-0.12972358061991224,-0.15108964716302165
-0.07806514024355816,-0.12215658285554122,-0.16109264791271025
-0.0713316579009558,-0.11327331003835513,-0.1704384022504398
-0.06537690603621392,-0.10319299034866608,-0.17901513428225854
-0.060269823592437946,-0.09204848280403638,-0.1867217877958313
-0.05606810070291395,-0.07998441656819327,-0.19346913639817123
-0.052817632565961996,-0.06715521818993954,-0.1991807215928909
-0.050552131963340484,-0.053723055341290606,-0.20379361128363058
-0.04929290114609982,-0.03985572570784346,-0.20725897394060244
-0.04904876167598166,-0.025724519332947,-0.20954246633869106
-0.049816138803340265,-0.011502081968859653,-0.2106244353249714
-0.05157929510835283,0.0026396941132660915,-0.21049993646492918
-0.054310706449585765,0.016531726809351856,-0.20917857462187406
-0.05797157176582953,0.03000972498151724,-0.20668417352254714
-0.06251244697127241,0.04291607185632989,-0.20305428314066956
-0.06787399207351273,0.05510159153539525,-0.19833953528297205
-0.07398781972731763,0.06642718127224712,-0.19260285908893693
-0.08077743270958397,0.07676529438271747,-0.18591856926108902
-0.08815923725493878,0.08600126090526308,-0.1783713407362866
-0.0960436188170116,0.09403443538181827,-0.17005508420226603
-0.10433606660638763,0.10077916336255455,-0.16107173737184857
-0.11293833319059554,0.10616556042853459,-0.15152998726492548
-0.12174961551203395,0.1101400996585073,-0.1415439389309637
-0.13066774387460664,0.11266600552819714,-0.13123174608705332
-0.13959036575783537,0.11372345421421744,-0.12071421906199033
-0.14841611172814612,0.11330958217499681,-0.11011342523741409
-0.15704573122176485,0.11143830669479551,-0.09955129687248826
-0.16538318656433854,0.10813996380236351,-0.08914826079683999
-0.17333669426224893,0.10346077061203646,-0.07902190396314471
-0.18081970334387623,0.09746212068102457,-0.06928568826965191
-0.18775180134090821,0.09021972243060551,-0.06004772739620784
-0.194059539375803,0.08182259203803416,-0.05140963764575736
-0.19967716875765504,0.0723719134659041,-0.04346547394691606
-0.2045472824808361,0.06197977945038821,-0.036300761251661054
-0.2086213560644212,0.050767828311468845,-0.029991630555398132
-0.2118601832603844,0.03886579236745698,-0.024604067675288083
-0.214234203288799,0.02640997452192075,-0.02019328174870971
-0.21572371742153898,0.013541670231612239,-0.016803199160806415
-0.21631899392370887,0.00040555254658210786,-0.014466087284084833
-0.21602026156427906,-0.012851961774132618,-0.013202311022331268
-0.2148375931128387,-0.026084346937924014,-0.013020223706671124
-0.21279068143532642,-0.039146585514632105,-0.0139161924071077
-0.20990851197427146,-0.051896750746699825,-0.01587475621466489
-0.20622893653375685,-0.0641975364379576,-0.018868914536059555
-0.20179815437069398,-0.07591771776581557,-0.02286054094543693
-0.19667010760659462,-0.08693352724979968,-0.027800916678482165
-0.19090579890251208,-0.09712993119974174,-0.03363137645651553
-0.18457254016958663,-0.1064017932494105,-0.04028405801563006
-0.17774314180512957,-0.11465491304134033,-0.04768274551174097
-0.17049505253746441,-0.12180692974706793,-0.05574379589858436
-0.16290946042179338,-0.127788081860851,-0.0643771364522716
-0.15507036584651698,-0.13254181656750402,-0.0734873208603582
-0.14706363757961471,-0.136025243926588,-0.08297463071960459
-0.1389760629056674,-0.13820943310390776,-0.09273620890498012
-0.13089440277653347,-0.1390795498838704,-0.10266721108906626
-0.12290446262620784,-0.13863483667904025,-0.11266196170752545
-0.11509018908950576,-0.13688843818301114,-0.12261510087988745
-0.10753280232405658,-0.13386707765778325,-0.13242270919835877
-0.10030997297730304,-0.12961059057774718,-0.14198339787934205
-0.09349505207842146,-0.12417132394284144,-0.1511993525178035
-0.08715636128467492,-0.11761341100085664,-0.15997731957528938
-0.08135654998927229,-0.1100119323649253,-0.16822952574746264
-0.07615202482069179,-0.10145197556319423,-0.17587452147380286
-0.07159245604929636,-0.09202760590460984,-0.18283794104679463
-0.06772036438341929,-0.08184076218343767,-0.18905317302625058
-0.06457079060083633,-0.071000091176012,-0.19446193594248998
-0.062171049438592356,-0.05961973511100073,-0.19901475555690526
-0.06054056816913755,-0.04781808632775148,-0.20267134121855632
-0.05969080933669825,-0.03571652318802301,-0.2054008600913704
-0.05962527622603078,-0.023438140989272216,-0.20718210921118776
-0.0603395987955637,-0.011106491159495512,-0.20800358645080994
-0.061821697035850026,0.0011556585873345661,-0.20786346251266793
-0.06405201801771064,0.013227531170821741,-0.20676945702380578
-0.06700384227605663,0.024991502983244863,-0.20473862267040777
-0.07064365463700438,0.03633421237706296,-0.20179704207547527
-0.07493157413780675,0.04714760447109676,-0.19797944279224514
-0.07982183731019617,0.05732990392713484,-0.19332873635839848
-0.08526332879568778,0.0667865083547045,-0.18789548783462667
-0.09120015303297158,0.07543079601841274,-0.18173732263974796
-0.09757224059877324,0.08318484253758703,-0.174918277798432
-0.10431598269004118,0.08998004227180904,-0.16750810494251228
-0.11136488720226621,0.09575763107006864,-0.1595815325591589
-0.11865024988133714,0.10046910801917677,-0.15121749506520485
-0.12610183409979817,0.10407655475388644,-0.1424983363129323
-0.13364855292812966,0.10655285178344089,-0.13350899510454595
-0.1412191473334616,0.107881792144771,-0.12433618021571635
-0.14874285453803782,0.10805809351005163,-0.11506754230773475
-0.156150060804331,0.10708731065526964,-0.10579084994690838
-0.16337293317989854,0.10498565093680763,-0.09659317675208773
-0.1703460250302627,0.10177969612500729,-0.08756010645907104
-0.17700685051005702,0.09750603460744918,-0.07877496242581611
-0.18329642346948324,0.09221080860032635,-0.07031806780598318
-0.1891597566631091,0.08594918159349602,-0.062266042290898715
-0.19454631751972296,0.07878473180282129,-0.05469114096173213
-0.1994104371439023,0.07078877791095305,-0.047660640404439784
-0.20371166965071924,0.06203964384285813,-0.041236276819697486
-0.20741509938302513,0.05262186974265773,-0.035473740408549025
-0.21049159402426046,0.04262537669064984,-0.030422229832031147
-0.21291800209667275,0.03214459302016129,-0.02612407003020476
-0.21467729382279538,0.02127755035919146,-0.022614396143980184
-0.21575864482424428,0.010124957727465168,-0.019920905713722802
-0.21615746263311963,-0.0012107378387285308,-0.01806368073447685
-0.21587535649389303,-0.012626295587818548,-0.017055080532219765
-0.21492005143355858,-0.024018621732388477,-0.016899705793196183
-0.21330524807059617,-0.035285698032059706,-0.017594433434295967
-0.21105043011413344,-0.04632748995604935,-0.0191285213526781
-0.2081806219686425,-0.05704682633187373,-0.02148378144419904
-0.2047260993013584,-0.06735024269675023,-0.02463481864010332
-0.2007220558441937,-0.07714878095746568,-0.028549333087791024
-0.19620823008411564,-0.08635873843078436,-0.03318848200249939
-0.19122849584085252,-0.09490235987640196,-0.038507297150745
-0.18583042103380976,-0.10270846674312485,-0.044455153401565334
-0.18006479919712623,-0.10971301852007419,-0.05097628330584114
-0.17398515850931173,-0.11585960181064661,-0.05801033224456694
-0.16764725325907248,-0.1210998435188782,-0.06549294833039408
-0.16110854276963266,-0.12539374534586337,-0.07335640095864346
-0.15442766284888737,-0.1287099376272558,-0.0815302216886799
-0.14766389482171394,-0.1310258513902687,-0.0899418609971883
-0.14087663713427803,-0.13232780835833013,-0.09851735438322762
-0.13412488439967127,-0.13261102947183204,-0.10718199132128539
-0.12746671858203343,-0.13187956331268177,-0.11586098065176455
-0.12095881679562384,-0.13014613660749064,-0.12448010616585185
-0.1146559799300191,-0.12743192972881356,-0.1329663663796489
-0.10861068600729104,-0.12376628080643894,-0.1412485927956498
-0.10287267183679848,-0.11918632269300412,-0.14925804131194823
-0.09748854616362156,-0.1137365575931793,-0.1569289518537948
-0.0925014371135414,-0.10746837465774994,-0.164199071760536
-0.08795067632680534,-0.10043951625905602,-0.17101013895520623
-0.08387152175075172,-0.09271349899988496,-0.1773083214455439
-0.08029492063364611,-0.0843589957630243,-0.18304461024530683
-0.07724731383450097,-0.07544918528370227,-0.18817516335497625
-0.07475048214164406,-0.06606107582387812,-0.19266159899307364
-0.07282143488133007,-0.05627480954881888,-0.1964712368157057
-0.07147234070127785,-0.04617295415674732,-0.19957728639556324
-0.07071050003661078,-0.03583978819660301,-0.20195898274613547
-0.07053835841065735,-0.025360586332899285,-0.20360166916694786
-0.07095355939319994,-0.014820910586594753,-0.20449682814659198
-0.07194903573620441,-0.004305913303508027,-0.20464206148858222
-0.07351313693337404,0.006100342716072984,-0.2040410212179032
-0.07562979120604338,0.01631554184444163,-0.20270329318163802
-0.07827869970440718,0.026259746306471262,-0.20064423557428016
-0.08143556052983421,0.03585599560778349,-0.19788477489694736
-0.08507232003058794,0.04503087081970926,-0.1944511621001621
-0.08915744869881861,0.053715020251983985,-0.19037469186310033
-0.09365623890008212,0.06184364347034787,-0.18569138812972774
-0.09853112159648801,0.0693569310419477,-0.18044165915589738
-0.10374199917933363,0.07620045781285938,-0.17466992542336998
-0.10924659150507095,0.08232552793596652,-0.16842422384919434
-0.11500079222794479,0.08768947027126175,-0.16175579176431149
-0.12095903254189358,0.09225588317232912,-0.15471863415606515
-0.12707464948161135,0.09599482805081921,-0.14736907766783436
-0.13330025598639927,0.09888297147407367,-0.1397653148274883
-0.13958810999904048,0.10090367589904596,-0.13196694193684522
-0.14589047995400864,0.10204703947796077,-0.12403449399861499
-0.1521600041035804,0.1023098856876959,-0.1160289799870399
-0.1583500412357334,0.10169570383576618,-0.10801142168493248
-0.16441501045305373,0.10021454178128389,-0.10004239921416484
-0.17031071780642032,0.09788285247964473,-0.09218160627969213
-0.17599466771019298,0.09472329621523473,-0.08448741802954245
-0.18142635720640113,0.09076450062739178,-0.07701647430523886
-0.18656755129343566,0.08604078086130729,-0.06982328091908907
-0.19138253768950766,0.08059182238750258,-0.06295983144675661
-0.1958383595621894,0.07446232923077721,-0.05647525186551182
-0.19990502492226517,0.06770164053173862,-0.05041547020048364
-0.20355569155242342,0.06036331853062786,-0.044822913163033516
-0.20676682651852793,0.05250471121342339,-0.03973623157701464
-0.20951833949276766,0.04418649299322967,-0.035190056190229566
-0.21179368930325385,0.0354721869146729,-0.031214785260028362
-0.21357996331289936,0.02642767196428369,-0.02783640508405931
-0.21486792942082844,0.017120679144376927,-0.02507634442022668
-0.2156520606711857,0.00762028002047887,-0.02295136350470455
-0.21593053264596987,-0.0020036285183760113,-0.02147347813440368
-0.2157051940092313,-0.011680839542339913,-0.020649919031858845
-0.21498151075835384,-0.021341347683017275,-0.020483126457613177
-0.21376848492280492,-0.030915853379027563,-0.02097077977958831
-0.21207854863023468,-0.040336256162838535,-0.02210586145264475
-0.20992743463259614,-0.04953613348858342,-0.023876754606758564
-0.20733402454952293,-0.05845120172988383,-0.026267373191345953
-0.20432017624096344,-0.06701975613329796,-0.029257323378767217
-0.2009105318645216,-0.0751830866962422,-0.03282209469453232
-0.19713230830361816,-0.08288586714703484,-0.03693327911783701
-0.1930150717690941,-0.09007651443762422,-0.04155881618638625
-0.18859049847795828,-0.09670751641472365,-0.04666326194653355
-0.18389212339754746,-0.1027357256102351,-0.05220807941595743
-0.17895507911047287,-0.10812261738440153,-0.05815194807359455
-0.1738158269046456,-0.11283451096214296,-0.06445108976228543
-0.16851188222290864,-0.11684275222131373,-0.0710596082851918
-0.16308153661805622,-0.12012385741773172,-0.07792983989880424
-0.15756357835129206,-0.12265961736219393,-0.0850127118541966
-0.15199701374565064,-0.12443716189563117,-0.09225810611460677
-0.14642079136107627,-0.12544898483636174,-0.09961522538153934
-0.1408735309954093,-0.12569292989442565,-0.10703295859308475
-0.13539325943639866,-0.1251721383586899,-0.11446024311629185
-0.13001715479520257,-0.12389495965943557,-0.12184642093911578
-0.12478130114296834,-0.12187482618938035,-0.12914158627518355
-0.11972045505049894,-0.11913009402673011,-0.1362969221245657
-0.11486782549834462,-0.11568385144243107,-0.1432650234838065
-0.11025486848262848,-0.11156369728822245,-0.1500002050662656
-0.10591109749233586,-0.10680149155070959,-0.15645879157685613
-0.10186391087849306,-0.10143308051823477,-0.1625993887808018
-0.09813843697648691,-0.09549799914102249,-0.16838313381136147
-0.09475739768155178,-0.08903915327054335,-0.1737739233737619
-0.09174099101592949,-0.08210248454132206,-0.17873861871912367
-0.08910679306608514,-0.07473662070795627,-0.18324722648026148
-0.08686967951120325,-0.06699251427273294,-0.18727305467836913
-0.08504176681144958,-0.05892307223606481,-0.1907928434233648
-0.08363237297747907,-0.050582779774467804,-0.19378687003892492
-0.08264799770253886,-0.04202732060063633,-0.19623902854399966
-0.08209232150626014,-0.033313196689228816,-0.19813688361420898
-0.0819662234156706,-0.02449734996228388,-0.19947169932750278
-0.0822678165947444,-0.015636788421871627,-0.20023844316767425
-0.08299250122942622,-0.006788219096835826,-0.2004357659158304
-0.08413303388084832,0.001992309962507765,-0.20006595820309203
-0.08567961243558037,0.010649756550914574,-0.199134884627225
-0.08761997570824576,0.01913041809623361,-0.19765189645141495
-0.08993951668861719,0.02738225058615898,-0.1956297240050226
-0.09262140837215946,0.03535517101206862,-0.19308434999413943
-0.09564674106961954,0.043001341871778884,-0.190034865004461
-0.09899467005729327,0.05027543643730341,-0.18650330654095532
-0.10264257240457005,0.057134883657356236,-0.1825144829986515
-0.10656621179877412,0.06354009172615077,-0.1780957839973123
-0.11073991017865903,0.06945464950897827,-0.17327697854058213
-0.115136724986602,0.07484550517022781,-0.16809000247819741
-0.11972863085504278,0.07968312150022282,-0.16256873675885958
-0.12448670455444592,0.08394160758296343,-0.15674877796218817
-0.12938131204750497,0.08759882658716135,-0.1506672025915953
-0.13438229651692032,0.09063647959757563,-0.14436232659669518
-0.13945916626139568,0.09304016553243544,-0.13787346157466884
-0.14458128138603013,0.09479941731561718,-0.1312406690754943
-0.1497180382486463,0.09590771458923675,-0.12450451440666341
-0.15483905066238626,0.09636247336350671,-0.11770582129945346
-0.1599143268968038,0.09616501310621585,-0.11088542876139323
-0.16491444156438648,0.09532050187416119,-0.1040839513986258
-0.16981070152668692,0.09383788018345583,-0.09734154444765647
-0.1745753050038155,0.09172976440501998,-0.09069767470872978
-0.17918149312274342,0.08901233055586412,-0.08419089852289739
-0.18360369319353007,0.08570517943611175,-0.07785864788184144
-0.18781765305805714,0.0818311841361654,-0.07173702570372785
-0.19180056591301298,0.0774163210080263,-0.065860611249802
-0.19553118506758108,0.07248948525951743,-0.060262276595079066
-0.1989899281564453,0.06708229238997573,-0.054973015002306405
-0.20215897039018896,0.061228866740751016,-0.05002178198134831
-0.20502232648782245,0.05496561848341232,-0.04543534974624984
-0.20756592099987367,0.048331010412705384,-0.04123817570947498
-0.20977764679504907,0.041365315949769214,-0.037452285577212203
-0.21164741154875263,0.03411036979362451,-0.03409717153127605
-0.21316717213751665,0.026609312685167787,-0.031189705902110888
-0.21433095690942727,0.01890633176751459,-0.028744070653903518
-0.21513487586664615,0.011046398039198001,-0.026771702917059586
-0.21557711886187872,0.00307500240210678,-0.025281256715584257
-0.21565794197575988,-0.004962108196167748,-0.0242785809475943
-0.21537964230632844,-0.013019193036001544,-0.023766713586689334
-0.214746521464646,-0.021050776844065918,-0.023745891980716083
-0.21376483813182293,-0.029011904511478413,-0.024213579033109577
-0.21244275009184657,-0.0368583899018952,-0.025164504961090076
-0.21079024621125414,-0.04454705738309579,-0.02659072423517651
-0.20881906889046853,-0.05203597476748362,-0.028481687216429793
-0.20654262756210015,-0.059284676407116085,-0.030824325922273126
-0.2039759038583265,-0.0662543752571585,-0.033603153269377614
-0.20113534911222278,-0.07290816279771266,-0.03680037506368385
-0.1980387748962766,-0.07921119578737167,-0.04039601393387384
-0.19470523733494732,-0.08513086891209552,-0.0443680443362187
-0.1911549159567554,-0.0906369724894501,-0.048692537696369796
-0.18740898787475366,-0.09570183449022178,-0.05334381669795547
-0.18348949810214177,-0.10030044624610907,-0.05829461767935154
-0.179419226822096,-0.10441057132275072,-0.06351626005920119
-0.17522155443750678,-0.1080128371508522,-0.06897882167857404
-0.1709203252271995,-0.11109080912365601,-0.07465131892339502
-0.16653971043039673,-0.11363104698545215,-0.08050189047516038
-0.1621040715707326,-0.11562314345223798,-0.08649798353111503
-0.15763782481519728,-0.11705974512096709,-0.09260654133700205
-0.15316530714216317,-0.117936555837078,-0.09879419088612651
-0.14871064506638113,-0.11825232280016186,-0.105027429657613
-0.14429762663782295,-0.11800880579378463,-0.11127281029407242
-0.1399495773958434,-0.11721073002671825,-0.11749712215405926
-0.13568924092071807,-0.11586572316835203,-0.1236675687172048
-0.13153866458160796,-0.11398423725009606,-0.1297519398692043
-0.1275190910338559,-0.11157945618650537,-0.13571877814929656
-0.12365085596970085,-0.1086671897441034,-0.14153753810381556
-0.11995329257550086,-0.10526575485199494,-0.14717873795508454
-0.11644464309586199,-0.10139584520600561,-0.1526141028646106
-0.11314197785118578,-0.09708039016702143,-0.15781669914243387
-0.11006112200056561,-0.09234440399430674,-0.1627610588297919
-0.10721659028713665,-0.08721482648582012,-0.16742329415921156
-0.10462152994841105,-0.08172035612001688,-0.17178120147393347
-0.10228767192021444,-0.07589127680748745,-0.17581435426649783
-0.10022529041001421,-0.06975927936630393,-0.17950418507364033
-0.09844317086406086,-0.06335727883247459,-0.1828340560407154
-0.09694858630319833,-0.05671922870684838,-0.18578931804305662
-0.09574728195474995,-0.049879933222650615,-0.18835735832346612
-0.09484346806280665,-0.04287485869408683,-0.190527636673879
-0.09423982071677715,-0.035739944976691536,-0.19229171025477926
-0.0939374904983836,-0.028511418034915092,-0.19364324720777454
-0.09393611871054267,-0.02122560457244746,-0.1945780292745736
-0.09423386091788497,-0.013918749636591921,-0.1950939436892594
-0.09482741749808486,-0.00662683806024325,-0.19519096466001115
-0.09571207087574829,0.000614579445697591,-0.19487112480124413
-0.09688172908633126,0.007770554789735706,-0.1941384769174438
-0.09832897529640644,0.014806904882187045,-0.1929990465757966
-0.10004512288850803,0.02169036725391542,-0.1914607759361209
-0.10202027570367951,0.028388748319686474,-0.18953345933369398
-0.10424339302262624,0.03487106375167896,-0.18722867113348768
-0.10670235885691703,0.04110767048584231,-0.1845596863932549
-0.1093840551148443,0.04707038994045436,-0.18154139488802426
-0.11227443820221697,0.052732622082085935,-0.17819020906012567
-0.11535861861634204,0.05806945002893517,-0.17452396646706728
-0.1186209430916249,0.06305773493491121,-0.17056182730469363
-0.12204507885740984,0.06767620094972683,-0.1663241675853045
-0.12561409957272654,0.07190551010044526,-0.16183246855004904
-0.12931057250837694,0.07572832698829568,-0.15710920289217367
-0.13311664655411087,0.0791293732410433,-0.15217771836282082
-0.13701414063737125,0.08209547170571266,-0.1470621193242716
-0.14098463215010595,0.08461558040899944,-0.1417871468069989
-0.14500954499130642,0.08668081635325718,-0.13637805761684166
-0.14907023684512583,0.08828446925453182,-0.1308605030271931
-0.1531480853275676,0.08942200536577526,-0.12526040757846602
-0.15722457264867729,0.09009106156314263,-0.11960384849340494
-0.16128136845187488,0.09029142990622378,-0.11391693620213482
-0.16530041050742536,0.09002503291423927,-0.10822569645532246
-0.1692639829529992,0.08929588982971207,-0.10255595448749397
-0.17315479179077,0.08811007416895904,-0.09693322167550424
-0.17695603736747156,0.08647566288500781,-0.09138258511942005
-0.18065148358125516,0.08440267749327081,-0.08592860055468436
-0.18422552357700006,0.08190301753355968,-0.08059518898540104
-0.18766324170991522,0.07899038676382095,-0.07540553740892054
-0.1909504715757773,0.07568021250135844,-0.07038200398162023
-0.19407384992497975,0.071989558546281,-0.06554602795484774
-0.19702086629665524,0.0679370321394822,-0.06091804468842449
-0.19977990822849098,0.06354268542361301,-0.05651740602688377
-0.20234030191741603,0.05882791189021995,-0.0523623063007207
-0.2046923482261146,0.0538153383094613,-0.04846971419136559
-0.20682735395022847,0.04852871265053581,-0.04485531067434988
-0.2087376582811636,0.04299278851110388,-0.04153343323021863
-0.21041665441953708,0.037233206582495355,-0.038517026487173936
-0.21185880631445742,0.03127637368430359,-0.03581759943323074
-0.213059660523984,0.02514933990699508,-0.033445189308867945
-0.2140158532121745,0.018879674404341545,-0.03140833226381063
-0.21472511231807306,0.012495340378728164,-0.02971404083374767
-0.21518625495172908,0.0060245698016384635,-0.028367788264548124
-0.2153991800917959,-0.0005042615912081406,-0.027373499682978437
-0.2153648566783822,-0.00706275849554547,-0.026733550084149103
-0.21508530721349922,-0.013622628897696457,-0.026448769077045735
-0.21456358699962397,-0.020155805079140506,-0.02651845230066168
-0.21380375916445823,-0.02663456226011468,-0.026940379394584543
-0.21281086563683527,-0.03303163438973286,-0.027710838379553737
-0.21159089425482097,-0.03932032660624729,-0.028824656275658292
-0.21015074220227545,-0.045474623909453345,-0.030275235758652295
-0.208498175984411,-0.0514692956078057,-0.03205459762850318
-0.20664178816610132,-0.05727999512551049,-0.03415342883892868
-0.20459095110880388,-0.06288335477959837,-0.03656113581249686
-0.20235576795286386,-0.06825707516366095,-0.039265902743034424
-0.19994702110160426,-0.07338000880342335,-0.04225475456577613
-0.19737611847192202,-0.0782322377794849,-0.045513624256056304
-0.1946550377830401,-0.08279514504421466,-0.049027424099538
-0.19179626916057196,-0.0870514791927686,-0.05278012056114091
-0.18881275633709965,-0.09098541248228982,-0.056754812366080855
-0.18571783673303227,-0.09458259192835815,-0.06093381139488816
-0.18252518070257573,-0.09783018334344523,-0.06529872598501021
-0.17924873022921906,-0.10071690821826586,-0.06983054622470246
-0.17590263735322426,-0.10323307338326541,-0.07450973082041229
-0.17250120261023213,-0.1053705934237963,-0.07931629511679807
-0.1690588137552818,-0.10712300585856799,-0.08422989984889585
-0.16558988504035552,-0.10848547912647143,-0.08922994020874055
-0.16210879730602865,-0.10945481346162422,-0.09429563481391978
-0.15862983913903284,-0.11002943477024764,-0.09940611417302786
-0.15516714933755027,-0.1102093816555347,-0.10454050825271183
-0.15173466091499824,-0.10999628576779738,-0.10967803276285984
-0.14834604686096442,-0.10939334568670224,-0.11479807379034736
-0.1450146678649538,-0.10840529457013467,-0.11988027042749959
-0.14175352219480078,-0.10703836183002183,-0.12490459505888886
-0.13857519790708475,-0.1053002291191557,-0.1298514309891021
-0.1354918275517852,-0.10319998093457135,-0.1347016471145105
-0.1325150455178322,-0.10074805016226857,-0.13943666936366075
-0.12965594815026252,-0.0979561589049381,-0.14403854865351023
-0.1269250567534997,-0.09483725494882686,-0.1484900251321259
-0.12433228357894048,-0.091405444237922,-0.15277458850250544
-0.12188690087866752,-0.08767591973325328,-0.15687653424661957
-0.11959751309081632,-0.08366488704232354,-0.16078101559346844
-0.11747203220601861,-0.07938948720852038,-0.16447409109967845
-0.1155176563484942,-0.07486771705289584,-0.1679427677357827
-0.11374085158988391,-0.07011834746100619,-0.1711750393956497
-0.11214733699887518,-0.0651608400056671,-0.17415992077039644
-0.11074207291514573,-0.06001526229261211,-0.1768874765514019
-0.1095292524222095,-0.05470220241026409,-0.17934884594959186
-0.10851229598044797,-0.049242682857265685,-0.18153626253987554
-0.10769384916900827,-0.04365807431220696,-0.18344306946037542
-0.10707578347337424,-0.03797000959927808,-0.18506373001582024
-0.10665920004432149,-0.03220029819151218,-0.186393833753082
-0.10644443634366603,-0.026370841580016954,-0.18743009809427952
-0.10643107558272852,-0.020503549823275617,-0.18817036562909847
-0.1066179588507817,-0.014620259575378339,-0.1886135971829445
-0.10700319982292465,-0.008742653876071562,-0.18875986079126184
-0.10758420192983124,-0.002892183968926709,-0.18861031672277034
-0.10835767786565109,0.0029100066031271434,-0.1881671987055432
-0.10931967130497534,0.008643155393062759,-0.18743379151974832
-0.11046558069520994,0.014286951721579594,-0.18641440512955978
-0.1117901849868886,0.019821604428986245,-0.18511434553422695
-0.11328767116139211,0.025227906528346923,-0.18353988252462317
-0.11495166341318337,0.0304872965987082,-0.18169821453681592
-0.11677525384198396,0.035581916774641655,-0.17959743079837742
-0.11875103450928208,0.040494667205485564,-0.17724647096633003
-0.12087113071312265,0.04520925687447753,-0.17465508245785574
-0.1231272353352677,0.04971025068437874,-0.17183377567627178
-0.12551064411547794,0.05398311273214913,-0.1687937773353188
-0.12801229170881956,0.05801424571070037,-0.16554698208462132
-0.13062278838351085,0.06179102639069597,-0.16210590263828956
-0.1333324572188529,0.06530183714976036,-0.15848361860713125
-0.13613137166519262,0.06853609353028474,-0.15469372423286676
-0.1390093933306269,0.07148426782026154,-0.15075027522015705
-0.1419562098622234,0.0741379086642448,-0.1466677348592195
-0.14496137279288795,0.07648965672361037,-0.1424609196283574
-0.14801433522861593,0.07853325641679361,-0.13814494446193445
-0.1511044892546986,0.08026356378111267,-0.13373516786519568
-0.15422120294348748,0.08167655050816333,-0.1292471370529517
-0.15735385685054126,0.08276930421460783,-0.12469653328449291
-0.1604918798903407,0.08354002501948839,-0.12009911756225408
-0.16362478448727377,0.08398801850800848,-0.11547067685670426
-0.16674220090222508,0.08411368517004145,-0.11082697101473811
-0.1698339106398373,0.08391850640948598,-0.1061836805034865
-0.17288987884634738,0.08340502722799314,-0.10155635513598747
-0.1759002856128173,0.08257683569357652,-0.09696036391955258
-0.1788555561035557,0.08143853931118329,-0.09241084616194671
-0.18174638943458682,0.07999573841848609,-0.08792266396468133
-0.18456378623211842,0.07825499673595197,-0.0835103562267923
-0.1872990748061158,0.07622380920567594,-0.07918809427644799
-0.18994393587928596,0.0739105672585398,-0.0749696392416014
-0.19249042581700268,0.07132452165398223,-0.07086830126466481
-0.1949309983089717,0.0684757430410452,-0.06689690065984186
-0.19725852445872294,0.06537508039340098,-0.06306773110529602
-0.1994663112423279,0.06203411747476007,-0.05939252495576829
-0.20154811830307456,0.05846512749441625,-0.055882420754563907
-0.20349817305416523,0.05468102611568995,-0.05254793301702552
-0.20531118406685453,0.05069532298268444,-0.049398924350675374
-0.20698235272679077,0.04652207193305939,-0.04644457997015681
-0.20850738314665695,0.04217582006644416,-0.04369338465792863
-0.20988249032853465,0.0376715558396473,-0.04115310221437137
-0.21110440657470964,0.033024656360954696,-0.03883075743355252
-0.2121703861509043,0.02825083405653856,-0.03673262063338135
-0.21307820821114373,0.02336608288230177,-0.03486419476126582
-0.2138261779986256,0.018386624254348616,-0.033230205088681526
-0.21441312634206586,0.013328852870688804,-0.03183459150028481
-0.2148384074720105,0.008209282595731981,-0.030680503375371353
-0.21510189518652892,0.0030444925776046666,-0.02977029705161066
-0.21520397740052388,-0.002148926233690047,-0.029105535853103926
-0.21514554911758668,-0.007354424001757774,-0.028686992656937055
-0.21492800386788666,-0.012555544190441139,-0.028514654964560696
-0.21455322365998403,-0.0177359748626062,-0.02858773243655352
-0.21402356749869308,-0.022879598936128478,-0.02890466684164197
-0.2133418585251679,-0.027970543246653795,-0.029463144363294388
-0.2125113698392342,-0.03299322627174624,-0.030260110199808513
-0.2115358090676157,-0.037932404376569376,-0.031291785386605604
-0.21041930174510498,-0.042773216447264895,-0.03255368576246743
-0.20916637357887893,-0.04750122678468134,-0.034040642994734305
-0.20778193166904504,-0.05210246613804799,-0.035746827572063884
-0.20627124476112457,-0.05656347076555905,-0.03766577366726083
-0.204639922608505,-0.06087131941661244,-0.03979040576696206
-0.20289389452492965,-0.0650136681386009,-0.04211306695963491
-0.20103938720881734,-0.06897878281965171,-0.04462554876844238
-0.199082901922617,-0.07275556938752115,-0.04731912241108287
-0.19703119111149892,-0.07633360159392921,-0.05018457136474541
-0.19489123454644716,-0.07970314632293249,-0.053212225110860246
-0.19267021507725948,-0.0828551863714337,-0.056391993931387524
-0.19037549408107277,-0.08578144065956797,-0.05971340462599038
-0.18801458669181445,-0.08847438183844983,-0.0631656370176024
-0.18559513689543336,-0.09092725127255265,-0.06673756111262098
-0.1831248925749083,-0.09313407138378481,-0.07041777478126236
-0.1806116805878446,-0.09508965535407196,-0.07419464182348019
-0.17806338195799068,-0.09678961419290243,-0.07805633028630006
-0.17548790726022284,-0.09823036118579691,-0.08199085089943196
-0.17289317227647785,-0.0994091137489771,-0.08598609549759444
-0.17028707399778284,-0.10032389272458492,-0.09002987530009907
-0.16767746704492642,-0.1009735191595988,-0.09410995892088758
-0.1650721405774892,-0.10135760862006692,-0.0982141099853626
-0.16247879575788754,-0.1014765631003884,-0.10233012423398888
-0.15990502383382227,-0.10133156059508705,-0.10644586599673278
-0.15735828489907466,-0.10092454240780133,-0.1105493039269222
-0.15484588738897667,-0.10025819827903577,-0.11462854588802736
-0.15237496836312173,-0.09933594942054902,-0.11867187289213206
-0.14995247462400035,-0.09816192955007337,-0.12266777199446567
-0.14758514471625744,-0.09674096402535297,-0.12660496805425328
-0.14527949184720387,-0.095078547181231,-0.13047245427826812
-0.14304178776508547,-0.09318081797770797,-0.13425952146982548
-0.14087804762745362,-0.09105453407052046,-0.13795578591245647
-0.13879401588779733,-0.08870704441885094,-0.14155121582414995
-0.13679515322441974,-0.08614626054727602,-0.14503615632478156
-0.13488662453139003,-0.08338062658099826,-0.14840135286612516
-0.13307328798728674,-0.08041908817478904,-0.15163797308064625
-0.1313596852133933,-0.0772710604569133,-0.1547376270120441
-0.12975003252903944,-0.07394639510962583,-0.157692385697222
-0.128248213307888,-0.07045534670763205,-0.1604947980759936
-0.1268577714351994,-0.06680853843522964,-0.16313790621132757
-0.1255819058624494,-0.06301692730169514,-0.16561525880927996
-0.12442346625215128,-0.05909176897289288,-0.16792092303393805
-0.12338494970236377,-0.05504458233507486,-0.17004949461865743
-0.12246849853713679,-0.05088711390444893,-0.17199610628062117
-0.12167589914609066,-0.04663130219333729,-0.17375643445124284
-0.12100858185343136,-0.04228924214066715,-0.1753267043401706
-0.12046762179398603,-0.037873149711151875,-0.17670369335561387
-0.1200537407713114,-0.03339532676387335,-0.17788473290838475
-0.11976731007056533,-0.028868126287088073,-0.17886770863142837
-0.119608354196664,-0.024303918091986357,-0.17965105905069365
-0.11957655550626117,-0.019715055053862306,-0.1802337727469687
-0.11967125970028376,-0.015113839984735032,-0.18061538405177133
-0.11989148214213606,-0.010512493216923765,-0.18079596732354067
-0.12023591496525105,-0.005923120972450871,-0.18077612985323327
-0.120702934932404,-0.001357684588454077,-0.18055700345097644
-0.12129061200811711,0.0031720293359452146,-0.1801402347676933
-0.12199671860456374,0.007654437810620313,-0.1795279744075829
-0.12281873946062916,0.012078189287311716,-0.17872286488903166
-0.12375388211318482,0.016432190403159595,-0.17772802751295544
-0.12479908791918758,0.02070563158833611,-0.17654704819874106
-0.12595104358691436,0.024888011495829362,-0.17518396234886885
-0.12720619317447854,0.02896916021596567,-0.17364323880399016
-0.12856075051373952,0.032939261242700586,-0.1719297629506927
-0.1300107120178084,0.03678887216305034,-0.17004881904444763
-0.1315518698305525,0.04050894404526256,-0.16800607181029353
-0.13317982527682237,0.0440908395054309,-0.16580754738368977
-0.13489000257252506,0.04752634943623367,-0.16345961365369469
-0.13667766275418583,0.05080770838531789,-0.16096896007017356
-0.13853791778822297,0.053927608574549805,-0.15834257697617193
-0.14046574482083488,0.05687921255491247,-0.15558773452586844
-0.1424560005301386,0.05965616449524166,-0.15271196124770742
-0.14450343554300704,0.06225260010626054,-0.14972302231137433
-0.14660270887991855,0.06466315520449385,-0.14662889755625855
-0.1487484023920494,0.06688297292361846,-0.14343775933793945
-0.1509350351558101,0.06890770958364291,-0.1401579502480596
-0.1531570777910305,0.07073353923100012,-0.13679796076169845
-0.15540896667004844,0.0723571568651961,-0.13336640686507223
-0.15768511798603152,0.07377578037007715,-0.12987200771503551
-0.1599799416499674,0.07498715117007632,-0.1263235633804785
-0.16228785498689283,0.07598953363396371,-0.12272993271429487
-0.16460329620307643,0.07678171325067598,-0.11910001140314522
-0.16692073759704257,0.07736299360373185,-0.11544271024077384
-0.1692346984885076,0.07773319217256083,-0.1117669336691421
-0.1715397578404892,0.07789263499078956,-0.10808155863013798
-0.1738305665510611,0.07784215019314111,-0.10439541376909577
-0.176101859392433,0.07758306048412085,-0.10071725902983299
-0.17834846657625217,0.07711717456308662,-0.09705576567936784
-0.18056532492525104,0.07644677754163742,-0.09341949679893201
-0.18274748863258353,0.07557462039050428,-0.08981688827633653
-0.18489013959142242,0.07450390845429937,-0.08625623033318477
-0.18698859727861525,0.07323828907357238,-0.08274564961885866
-0.18903832817742597,0.07178183835463978,-0.07929309190162097
-0.1910349547256083,0.07013904712859927,-0.0759063053855977
-0.19297426377628737,0.06831480614181594,-0.07259282468080831
-0.19485221456034044,0.0663143905209751,-0.06935995545180686
-0.19666494614018848,0.0641434435565326,-0.06621475976888978
-0.1984087843461238,0.061807959849068755,-0.063164042184197
-0.20008024818750392,0.059314267863655505,-0.06021433655340258
-0.2016760557323479,0.05666901193788865,-0.05737189362204047
-0.20319312945007198,0.053879133789707774,-0.054642669393850846
-0.20462860101328434,0.050951853571535276,-0.05203231429685651
-0.20597981555574896,0.04789465051760236,-0.04954616316119047
-0.20724433538480194,0.0447152432315997,-0.047189226020990384
-0.20841994314766416,0.0414215696619893,-0.0449661797509576
-0.20950464445225742,0.038021766812439226,-0.042881360546444994
-0.21049666994426514,0.03452415023489678,-0.04093875725419187
-0.2113944768433155,0.030937193352789823,-0.039142005559064934
-0.21219674994227566,0.02726950666174615,-0.03749438303039344
-0.21290240207474975,0.023529816855039017,-0.03599880502970826
-0.21351057405694696,0.019726945920702267,-0.034657821479905676
-0.21402063411115985,0.015869790256912947,-0.033473614494064594
-0.2144321767791198,0.01196729985180612,-0.03244799686035092
-0.21474502133452822,0.008028457573365596,-0.03158241137764942
-0.21495920970504304,0.004062258614427048,-0.030877931034770958
-0.2150750039149721,7.769013713042717e-05,-0.03033526002430384
-0.21509288306085905,-0.00391628883963086,-0.02995473558040529
-0.21501353983305024,-0.00791076726709735,-0.02973633062807736
-0.21483787659720316,-0.011896901566173861,-0.029679657229737488
-0.21456700105053203,-0.015865934758973767,-0.029783970813188516
-0.2142022214683783,-0.01980921519290389,-0.030048175163416676
-0.21374504155745813,-0.023718214819063003,-0.030470828159007455
-0.21319715493284613,-0.027584546988061565,-0.031050148232370622
-0.21256043923642645,-0.03139998372779279,-0.03178402153141667
-0.21183694991516555,-0.035156472469192034,-0.03267000975882789
-0.21102891367813872,-0.038846152187609485,-0.03370535866362699
-0.21013872165175843,-0.04246136892909021,-0.0348870071583715
-0.20916892225314349,-0.04599469069259603,-0.036211597033992834
-0.20812221380196724,-0.04943892164101818,-0.037675483243065494
-0.20700143689150638,-0.05278711561570895,-0.039274744721137754
-0.20580956653991436,-0.05603258893119931,-0.04100519571468358
-0.20454970414299925,-0.05916893242876572,-0.0428623975832524
-0.2032250692499845,-0.06219002276955383,-0.0448416710425027
-0.20183899118386675,-0.06509003295005462,-0.04693810881401177
-0.2003949005280734,-0.06786344202485363,-0.04914658864705796
-0.19889632050113748,-0.0705050440237258,-0.05146178667697925
-0.19734685824107737,-0.07300995605232746,-0.053878191084225965
-0.19575019602107613,-0.0753736255679264,-0.05639011601784339
-0.1941100824179062,-0.0775918368238112,-0.058991715746849735
-0.19243032345433603,-0.07966071647821996,-0.061676999002812614
-0.19071477373649845,-0.08157673836581851,-0.06443984347687577
-0.1889673276068831,-0.08333672743193662,-0.06727401043454555
-0.18719191033325053,-0.08493786283191951,-0.07017315941171659
-0.18539246935334053,-0.08637768020007856,-0.07313086295569071
-0.18357296559479136,-0.08765407309480672,-0.07614062137532868
-0.1817373648891635,-0.08876529362846139,-0.07919587746496119
-0.1798896294984039,-0.08970995229260685,-0.08229003116727716
-0.1780337097714943,-0.090487016991134,-0.08541645414109507
-0.17617353594837673,-0.09109581129563583,-0.08856850420070944
-0.17431301012757866,-0.09153601193920971,-0.09173953959437876
-0.17245599841324977,-0.09180764556656631,-0.09492293309048264
-0.17060632325657824,-0.0919110847599598,-0.0981120858409216
-0.1687677560057865,-0.09184704336199287,-0.10130044099245286
-0.16694400967810896,-0.09161657111780275,-0.1044814970178447
-0.1651387319663439,-0.09122104766049063,-0.1076488207399922
-0.16335549849173242,-0.09066217586491233,-0.11079606002344859
-0.16159780631406606,-0.08994197459610397,-0.11391695610919868
-0.15986906770906953,-0.08906277087966698,-0.11700535556991257
-0.15817260422222476,-0.08802719152238317,-0.12005522186437566
-0.15651164100733464,-0.08683815421216846,-0.12306064647127718
-0.15488930145723884,-0.08549885812720673,-0.12601585958405734
-0.15330860213321765,-0.08401277408472763,-0.12891524035004692
-0.15177244799874576,-0.08238363426040969,-0.13175332663868347
-0.150283627962384,-0.08061542150979972,-0.13452482432515148
-0.14884481073374242,-0.07871235832344806,-0.13722461607734165
-0.1474585409955917,-0.07667889544765716,-0.13984776963559203
-0.14612723589437304,-0.07451970020284732,-0.1423895455762091
-0.1448531818505338,-0.07223964453154412,-0.1448454045513002
-0.14363853168931529,-0.06984379280790254,-0.14721101399895298
-0.14248530209184504,-0.06733738944049822,-0.14948225431928042
-0.14139537136562494,-0.06472584629984765,-0.1516552245132995
-0.14037047753277998,-0.06201473000176212,-0.15372624728302597
-0.1394122167337202,-0.05920974907720597,-0.15569187359254225
-0.1385220419431975,-0.05631674105882116,-0.1575488866911295
-0.13770126199508453,-0.0533416595136976,-0.15929430560083652
-0.13695104091158736,-0.05029056105132363,-0.1609253880720985
-0.13627239753200848,-0.04716959233494263,-0.16243963301219866
-0.13566620543562966,-0.043984977123779155,-0.1638347823924982
-0.13513319315274866,-0.04074300337278068,-0.16510882264142998
-0.13467394465741778,-0.0374500104156637,-0.16625998553126947
-0.13428890013497108,-0.03411237625614808,-0.16728674856764988
-0.13397835701699884,-0.030736504991325905,-0.16818783489168757
-0.13374247127603678,-0.02732881439014284,-0.16896221270541667
-0.13358125897187428,-0.023895723648972276,-0.16960909423201
-0.1334945980410597,-0.020443641345244956,-0.17012793422297395
-0.13348223032088133,-0.01697895360906239,-0.17051842802516562
-0.13354376379884492,-0.013508012531672144,-0.17078050922106822
-0.1336786750784274,-0.010037124828627056,-0.17091434685630028
-0.13388631205168972,-0.00657254077438802,-0.17092034226881658
-0.1341658967691555,-0.0031204434240659465,-0.1707991255346719
-0.13451652849721987,0.0003130618630614085,-0.17055155154559348
-0.13493718695323598,0.0037219575846775084,-0.1701786957339208
-0.1354267357083349,0.007100323928665789,-0.16968184946073137
-0.1359839257479761,0.010442348266958851,-0.1690625150831866
-0.13660739918018322,0.013742334299517519,-0.1683224007173006
-0.1372956930814041,0.016994710838961726,-0.16746341471244627
-0.13804724346994746,0.02019404022735883,-0.16648765985400546
-0.1388603893969706,0.023335026377636684,-0.16539742731059073
-0.13973337714504774,0.026412522433029054,-0.1641951903422778
-0.14066436452441342,0.02942153803887477,-0.16288359778624006
-0.14165142525706498,0.03235724622198188,-0.16146546733611278
-0.14269255343901055,0.035214989873630476,-0.15994377863130424
-0.14378566807106513,0.03799028783312123,-0.15832166617234436
-0.1449286176487373,0.04067884056958494,-0.15660241207819584
-0.14611918480189273,0.04327653546054224,-0.15478943870127304
-0.1473550909750357,0.045779451666453634,-0.152886301115703
-0.14863400113923234,0.048183864601215536,-0.15089667949413618
-0.1499535285268691,0.05048624999924776,-0.14882437138816765
-0.15131123938063729,0.052683287580475746,-0.1466732839271655
-0.15270465770833008,0.05477186431514148,-0.1444474259500252
-0.15413127003524887,0.05674907729097659,-0.1421509000840754
-0.15558853014622542,0.05861223618584328,-0.13978789478505987
-0.15707386380948782,0.06035886534949252,-0.1373626763518055
-0.1585846734748211,0.06198670549860537,-0.13487958092886407
-0.1601183429387049,0.06349371502977297,-0.13234300651008862
-0.1616722419693374,0.06487807095553304,-0.1297574049557687
-0.16324373088469993,0.06613816946902193,-0.12712727403560917
-0.1648301650770442,0.06727262614321043,-0.1244571495094964
-0.16642889947743297,0.06828027577108649,-0.12175159725764628
-0.1680372929542007,0.06916017185351199,-0.11901520547138275
-0.1696527126394478,0.06991158574182825,-0.11625257691544442
-0.17127253817792437,0.07053400544260906,-0.113468321272373
-0.17289416589290127,0.07102713409226434,-0.11066704757917621
-0.17451501286387316,0.0713908881094845,-0.10785335676612302
-0.17613252091118092,0.07162539503378042,-0.10503183430716868
-0.17774416048287947,0.07173099105862644,-0.10220704299116878
-0.17934743443942697,0.07170821826794593,-0.09938351582269106
-0.1809398817320067,0.07155782158489528,-0.09656574906089327
-0.18251908097053263,0.07128074544210616,-0.09375819540459261
-0.1840826538776299,0.07087813018273426,-0.0909652573313126
-0.18562826862512027,0.07035130820183358,-0.08819128059775533
-0.1871536430497723,0.06970179983774155,-0.08544054790881411
-0.18865654774531504,0.06893130902330483,-0.08271727276190247
-0.19013480902794097,0.06804171870691475,-0.08002559347304865
-0.19158631177275812,0.06703508605344523,-0.07736956739087153
-0.19300900211887706,0.06591363743530121,-0.07475316530422711
-0.19440089004104089,0.06467976322388826,-0.0721802660489839
-0.19576005178593753,0.06333601239190743,-0.06965465131906447
-0.1970846321715487,0.06188508693696214,-0.06718000068656099
-0.1983728467481116,0.06032983613703746,-0.06475988683540986
-0.1996229838194882,0.0586732506484741,-0.06239777101278704
-0.2008334063239478,0.05691845645711454,-0.060096998702061845
-0.20200255357358693,0.05506870869334199,-0.057860795520824806
-0.20312894285181535,0.05312738532176716,-0.05569226334718098
-0.20421117086854865,0.051097980716343555,-0.053594376677178625
-0.20524791507295237,0.0489840991317074,-0.051569979215918646
-0.20623793482378397,0.04678944808154329,-0.049621780704568505
-0.20718007241758088,0.044517831634774095,-0.04775235398517922
-0.20807325397514118,0.0421731436403587,-0.045964132304880986
-0.20891649018693562,0.039759360891458345,-0.04425940686070798
-0.20970887691828294,0.03728053623969732,-0.042640324585979106
-0.21044959567531027,0.03474079167020067,-0.041108886178835104
-0.211137913932904,0.032144311348035366,-0.039666944373208876
-0.21177318532604017,0.029495334646616408,-0.03831620245217911
-0.21235484970606178,0.02679814916856265,-0.03705821300333413
-0.2128824330636463,0.024057083769398153,-0.035894376915446155
-0.21335554732037648,0.021276501594397392,-0.03482594261543304
-0.2137738899909983,0.01846079313875947,-0.03385400554426279
-0.21413724371860968,0.015614369341175506,-0.0329795078701306
-0.2144454756851846,0.012741654720717612,-0.032203238436922105
-0.21469853689999277,0.009847080566831456,-0.031525832945654704
-0.21489646136862395,0.0069350781920555415,-0.03094777436627503
-0.21503936514546967,0.004010072256918399,-0.030469393576876475
-0.2151274452726563,0.001076474176281945,-0.030090870227092007
-0.2151609786085613,-0.0018613243837973068,-0.029812233822111255
-0.21514032054916665,-0.004798957909825905,-0.02963336502346944
-0.21506590364563347,-0.007732093336607318,-0.029553997162460866
-0.21493823612159454,-0.01065643622654259,-0.029573717961737665
-0.21475790029377767,-0.013567736824333453,-0.02969197146037167
-0.21452555089967124,-0.016461795979180578,-0.029908060137379178
-0.2142419133360517,-0.019334470926838782,-0.03022114722843916
-0.21390778181227146,-0.02218168092417085,-0.030630259230273477
-0.21352401742230517,-0.024999412729133495,-0.031134288586904958
-0.21309154613962003,-0.027783725919430756,-0.03173199655176627
-0.21261135673900974,-0.030530758043383108,-0.03242201621939835
-0.21208449864959825,-0.0332367295968827,-0.03320285572025536
-0.21151207974327102,-0.035897948820637175,-0.034072901571920944
-0.21089526406284514,-0.03851081631224534,-0.0350304221798418
-0.21023526949432667,-0.041071829447997,-0.03607357148049687
-0.20953336538763945,-0.04357758660964533,-0.03720039271974632
-0.2087908701302362,-0.04602479121176543,-0.03840882235894405
-0.2080091486780167,-0.04841025552568051,-0.03969669410125049
-0.20718961004799608,-0.050730904296313835,-0.04106174303044971
-0.20633370477715618,-0.0529837781487055,-0.04250160985445783
-0.20544292235192452,-0.05516603678131479,-0.04401384524560631
-0.20451878861269449,-0.05727496194361926,-0.04559591426969727
-0.20356286313779612,-0.059307960195908005,-0.04724520089575632
-0.20257673661128395,-0.06126256544956038,-0.04895901257835234
-0.20156202817888696,-0.06313644128649105,-0.05073458490431523
-0.20052038279640857,-0.06492738305683328,-0.05256908629565827
-0.19945346857482907,-0.06663331975432316,-0.05445962276050572
-0.19836297412628964,-0.06825231566923454,-0.056403242683834745
-0.19725060591508883,-0.06978257181909843,-0.05839694164986696
-0.19611808561773794,-0.0712224271578209,-0.060437667287985816
-0.19496714749605473,-0.07257035956419036,-0.0625223241341146
-0.193799535787184,-0.07382498661113304,-0.06464777849956169
-0.19261700211434793,-0.07498506611744124,-0.06681086333943083
-0.1914213029220334,-0.07604949648405003,-0.06900838311279621
-0.19021419693922112,-0.07701731681729079,-0.07123711862696146
-0.1889974426741555,-0.07788770684188466,-0.07349383185825634
-0.1877727959440466,-0.07865998660676828,-0.07577527074197092
-0.18654200744297525,-0.07933361598716261,-0.07807817392418771
-0.1853068203511545,-0.07990819398660212,-0.08039927546844773
-0.1840689679885816,-0.08038345784293573,-0.08273530951036939
-0.18283017151597764,-0.08075928194259438,-0.08508301485354072
-0.1815921376857912,-0.08103567654768824,-0.08743913950021046
-0.18035655664590372,-0.08121278634075328,-0.08980044511052653
-0.17912509979853952,-0.08129088879220833,-0.0921637113842953
-0.1778994177167446,-0.08127039235581093,-0.09452574035947658
-0.17668113812066122,-0.0811518344976134,-0.09688336062187324
-0.17547186391567882,-0.08093587956411762,-0.09923343142072809
-0.1742731712944041,-0.08062331649551095,-0.10157284668520025
-0.1730866079042463,-0.0802150563900287,-0.10389853893696116
-0.1719136910822712,-0.07971212992564557,-0.10620748309441834
-0.17075590615883243,-0.07911568464542787,-0.1084967001643518
-0.16961470483134528,-0.07842698211300299,-0.11076326081702696
-0.16849150360942522,-0.07764739494470346,-0.11300428884112776
-0.16738768233247073,-0.07677840372503267,-0.11521696447513667
-0.16630458276062507,-0.07582159381217081,-0.1173985276120741
-0.16524350723991957,-0.07477865204029928,-0.11954628087479038
-0.16420571744225235,-0.07365136332556216,-0.12165759255929301
-0.16319243318072935,-0.07244160718250871,-0.12372989944386652
-0.1622048313007543,-0.07115135415787945,-0.12576070946203066
-0.16124404464712608,-0.06978266218858874,-0.12774760423765594
-0.1603111611072702,-0.0683376728907483,-0.12968824148083197
-0.15940722273060862,-0.06681860778654151,-0.13158035724335435
-0.15853322492394353,-0.06522776447571929,-0.1334217680329631
-0.15769011572262007,-0.06356751275843198,-0.13521037278572562
-0.15687879513710698,-0.06184029071604478,-0.1369441546962144
-0.15610011457452916,-0.06004860075650591,-0.13862118290537864
-0.1553548763345737,-0.05819500563074641,-0.14023961404625188
-0.15464383317908892,-0.05628212442649029,-0.1417976936478749
-0.15396768797459057,-0.05431262854574476,-0.14329375739803885
-0.1533270934068002,-0.0522892376721179,-0.14472623226568085
-0.15272265176624228,-0.05021471573398582,-0.1460936374839699
-0.15215491480384088,-0.04809186686939307,-0.14739458539533168
-0.1516243836553738,-0.04592353139842579,-0.14862778215985356
-0.15113150883356136,-0.043712581808648183,-0.14979202832869987
-0.15067669028649472,-0.04146191875903256,-0.15088621928434637
-0.1502602775210363,-0.03917446710765287,-0.15190934554961158
-0.14988256978975628,-0.03685317196824137,-0.15286049296762222
-0.14954381633991773,-0.03450099480053729,-0.15373884275500457
-0.14924421672295224,-0.03212090953917781,-0.15454367143073172
-0.1489839211628267,-0.02971589876570349,-0.15527435062318848
-0.14876303098164764,-0.027288949928065468,-0.15593034675814707
-0.14858159908080643,-0.02484305161183915,-0.15651122063044967
-0.14843963047593112,-0.0223811898671594,-0.15701662686230808
-0.14833708288387293,-0.01990634459520716,-0.15744631325122235
-0.1482738673599242,-0.017421485997886198,-0.15780012001060972
-0.14824984898343738,-0.014929571094141277,-0.15807797890631262
-0.14826484758999123,-0.012433540306179429,-0.1582799122922263
-0.1483186385482313,-0.009936314118668212,-0.1584060320483465
-0.14841095357949283,-0.007440789813797688,-0.15845653842459287
-0.1485414816183046,-0.0049498382849067525,-0.15843171879381088
-0.14870986971186204,-0.0024663009311912134,-0.15833194631738862
-0.14891572395655261,7.013364171253329e-06,-0.158157678526964
-0.14915861046961118,0.002467331170323247,-0.1579094558257109
-0.14943805639398935,0.004911917357477409,-0.15758789991272182
-0.14975355093451992,0.0073380778563079,-0.1571937121340044
-0.15010454642346732,0.009743162326347848,-0.15672767176361913
-0.15049045941356518,0.012124566731923967,-0.15619063421848475
-0.15091067179664974,0.014479735824322229,-0.1555835292103642
-0.1513645319460166,0.016806165529038252,-0.15490735883853782
-0.15185135588063867,0.019101405237120405,-0.1541631956266489
-0.15237042844941007,0.02136305999976537,-0.15335218050718455
-0.15292100453359136,0.023588792625472046,-0.1524755207570263
-0.1535023102656641,0.02577632567920209,-0.15153448788747612
-0.1541135442628188,0.027923443383133163,-0.15053041549212587
-0.1547538788733315,0.030027993418724384,-0.14946469705589976
-0.15542246143410918,0.032087888629941864,-0.14833878372855502
-0.15611841553771266,0.034101108627616186,-0.14715418206588482
-0.15684084230720166,0.03606570129502392,-0.14591245174181341
-0.15758882167716876,0.03797978419489912,-0.14461520323452684
-0.1583614136793698,0.039841545878191144,-0.14326409548972596
-0.15915765973138737,0.04164924709499185,-0.1418608335640367
-0.15997658392680125,0.04340122190815459,-0.14040716625154886
-0.1608171943253723,0.045095878710225655,-0.13890488369640283
-0.16167848424178533,0.046731701144400103,-0.1373558149942794
-0.16255943353152888,0.04830724893030259,-0.13576182578558485
-0.16345900987253262,0.04982115859547607,-0.13412481584306374
-0.16437617004121544,0.05127214411354285,-0.13244671665650606
-0.16530986118163846,0.05265899745007565,-0.1307294890171519
-0.16625902206649495,0.05398058901728914,-0.12897512060433106
-0.1672225843487045,0.055235868038729284,-0.12718562357681173
-0.16819947380242492,0.05642386282520248,-0.12536303217126357
-0.16918861155232323,0.05754368096324533,-0.12350940031017729
-0.17018891528999777,0.05859450941749324,-0.12162679922151613
-0.171199300476473,0.05957561454835932,-0.1197173150723107
-0.17221868152973008,0.06048634204648483,-0.11778304661833983
-0.1732459729962797,0.0613261167854682,-0.11582610287197762
-0.17428009070581282,0.06209444259442559,-0.11384860079022197
-0.1753199529080128,0.06279090195197412,-0.11185266298485527
-0.1763644813906448,0.06341515560326783,-0.10984041545662317
-0.17741260257807454,0.06396694210175304,-0.1078139853552553
-0.1784632486094152,0.06444607727733948,-0.10577549876708936
-0.1795153583955263,0.0648524536327167,-0.10372707853199718
-0.18056787865413482,0.06518603966957168,-0.10167084209125045
-0.1816197649223828,0.06544687914648824,-0.09960889936790394
-0.1826699825461355,0.06563509027033532,-0.09754335068121325
-0.18371750764543357,0.06575086482296823,-0.09547628469654533
-0.18476132805549259,0.06579446722509188,-0.09340977641218254
-0.18580044424270098,0.06576623353914741,-0.09134588518436279
-0.18683387019509495,0.0656665704131026,-0.08928665279184064
-0.18786063428682354,0.06549595396704039,-0.08723410154120126
-0.1888797801161552,0.06525492862445224,-0.08519023241409952
-0.1898903673166048,0.0649441058901535,-0.08315702325754695
-0.1908914723407966,0.06456416307674864,-0.08113642701830971
-0.19188218921671157,0.06411584198158261,-0.0791303700224344
-0.19286163027599398,0.06359994751612062,-0.07714075030085948
-0.19382892685403258,0.0630173462897069,-0.07516943596202295
-0.19478322996155356,0.062368965149653004,-0.07321826361232417
-0.1957237109274995,0.06165578967961647,-0.07128903682524605
-0.1966495620129961,0.06087886265822681,-0.0693835246598961
-0.19755999699623764,0.06003928247992001,-0.06750346022967439
-0.19845425172815317,0.05913820153994387,-0.06565053932172622
-0.19933158465874426,0.05817682458549387,-0.06382641906779113
-0.20019127733400885,0.057156407034939224,-0.062032716667011205
-0.20103263486340264,0.05607825326709533,-0.060271008161213134
-0.20185498635780716,0.054943714882494984,-0.05854282726313117
-0.20265768533800807,0.05375418893860894,-0.05684966423799538
-0.2034401101137087,0.052511116160957154,-0.05519296483885641
-0.20420166413313487,0.051215979132049345,-0.053574129295977796
-0.20494177630330718,0.049870300460084456,-0.05199451136057848
-0.20565990128108727,0.04847564092933182,-0.05045541740316299
-0.20635551973512775,0.047033597634107145,-0.04895810556663159
-0.20702813857887467,0.04554580209824771,-0.047503784974318494
-0.20767729117480782,0.04401391838197927,-0.04609361499306035
-0.20830253751011182,0.042439641178057444,-0.04472870455135373
-0.20890346434400786,0.040824693899052335,-0.0434101115126158
-0.20947968532698838,0.03917082675763247,-0.042138842103518065
-0.21003084109222775,0.03747981484169076,-0.04091585039731996
-0.21055659931945206,0.0357534561861377,-0.03974203785208479
-0.21105665477158914,0.03399356984317428,-0.03861825290361747
-0.21153072930452102,0.03220199395283611,-0.03754529061292095
-0.21197857185029745,0.03038058381558557,-0.0365238923679238
-0.21239995837417988,0.028531209968707116,-0.03555474563919076
-0.2127946918059067,0.02665575626824271,-0.03463848378928436
-0.21316260194559078,0.024756117978181436,-0.03377568593540402
-0.2135035453446747,0.022834199868596358,-0.032966876864887085
-0.21381740516239167,0.020891914324398297,-0.03221252700311534
-0.21410409099819278,0.018931179466350707,-0.031513052433329
-0.21436353870062025,0.016953917285966263,-0.030868814967809122
-0.21459571015312154,0.014962051795877474,-0.030280122269850128
-0.21480059303731394,0.012957507197246853,-0.02974722802590322
-0.2149782005742252,0.010942206065753749,-0.029270332167232703
-0.21512857124404985,0.008918067557664354,-0.028849581140388145
-0.21525176848497277,0.006887005637460809,-0.028485068225756808
-0.21534788037162708,0.004850927328473461,-0.02817683390342391
-0.2154170192737644,0.0028117309879268065,-0.027924866265530073
-0.2154593214957263,0.0007713046077756668,-0.027729101474279545
-0.21547494689731903,-0.0012684758573273094,-0.02758942426471764
-0.21546407849670227,-0.003305748133628114,-0.02750566849135981
-0.21542692205591432,-0.005338665242164543,-0.02747761771772168
-0.21536370564966123,-0.007365397081727377,-0.027505005847765905
-0.21527467921801302,-0.00938413197970042,-0.02758751779824945
-0.21516011410364838,-0.011393078209630708,-0.027724790210923635
-0.21502030257430546,-0.013390465474421687,-0.027916412203509183
-0.2148555573310962,-0.015374546354084789,-0.02816192615833911
-0.21466621100334962,-0.017343597717027988,-0.028460828547534348
-0.21445261563065715,-0.019295922093904214,-0.028812570793550363
-0.2142151421327908,-0.021229849013087585,-0.029216560163906728
-0.21395417976817457,-0.023143736296891246,-0.02967216069888776
-0.21367013558158904,-0.025035971317687065,-0.030178694170979407
-0.2133634338417933,-0.026904972213135203,-0.030735441074784202
-0.21303451546974722,-0.02874918905977868,-0.031341641646138424
-0.2126838374581181,-0.030567105004307565,-0.03199649690913404
-0.21231187228275855,-0.03235723735184587,-0.03269916974973156
-0.2119191073068388,-0.034118138610663686,-0.03344878601463465
-0.2115060441783131,-0.03584839749276761,-0.03424443563408114
-0.2110731982214056,-0.037546639869872764,-0.035085173767194
-0.21062109782278685,-0.03921152968430972,-0.035970021968522434
-0.21015028381311993,-0.040841769814471386,-0.03689796937439609
-0.20966130884464024,-0.042436102894455395,-0.037867973907704224
-0.2091547367654368,-0.043993312087608726,-0.0388789634997078
-0.2086311419910926,-0.04551222181373302,-0.03992983732748642
-0.2080911088743334,-0.04699169842975906,-0.04101946706561896
-0.20753523107333566,-0.04843065086375148,-0.04214669815069505
-0.20696411091932315,-0.04982803120215372,-0.043310351057255864
-0.20637835878409022,-0.05118283523023559,-0.04450922258376325
-0.20577859244806437,-0.052494102925755154,-0.04574208714720053
-0.20516543646952484,-0.05376091890589649,-0.047007698084913785
-0.20453952155557364,-0.0549824128275942,-0.04830478896230864
-0.20390148393545296,-0.05615775974140539,-0.04963207488502648
-0.20325196473678553,-0.05728618039913649,-0.050988253814235114
-0.2025916093653066,-0.058366941515481184,-0.05237200788367903
-0.20192106688864433,-0.059399355983972,-0.053782004717149404
-0.20124098942468993,-0.060382783047593334,-0.05521689874504826
-0.20055203153508683,-0.06131662842445105,-0.0566753325187379
-0.19985484962435848,-0.06220034438893557,-0.05815593802138498
-0.19915010134517444,-0.06303342980885893,-0.05965733797402777
-0.19843844501024469,-0.06381543013909033,-0.061178147135616034
-0.19772053901131637,-0.06454593737225332,-0.0627169735957965
-0.19699704124573006,-0.06522458994708905,-0.06427242005923893
-0.19626860855098124,-0.06585107261512711,-0.06584308512032334
-0.19553589614771483,-0.06642511626634624,-0.0674275645270361
-0.19479955709156446,-0.06694649771453706,-0.06902445243294895
-0.19406024173423272,-0.06741503944312108,-0.07063234263618365
-0.19331859719419467,-0.06783060931220666,-0.07224982980429524
-0.19257526683738613,-0.068193120227699,-0.0738755106840368
-0.19183088976822493,-0.06850252977331002,-0.07550798529500166
-0.19108610033129544,-0.0687588398063411,-0.0771458581061681
-0.19034152762401216,-0.068962096018142,-0.07878773919441008
-0.18959779502055527,-0.06911238746017319,-0.08043224538406708
-0.188855519707362,-0.06920984603662156,-0.08207800136670318
-0.1881153122304355,-0.06925464596454647,-0.0837236408002205
-0.18737777605471606,-0.06924700320254762,-0.08536780738652826
-0.18664350713574696,-0.06918717484897273,-0.08700915592700524
-0.18591309350384247,-0.06907545851069298,-0.08864635335502954
-0.18518711486095865,-0.0689121916434972,-0.09027807974488886
-0.1844661421904417,-0.06869775086516526,-0.09190302929641966
-0.18375073737981754,-0.06843255124229647,-0.09351991129476386
-0.1830414528567664,-0.06811704555197898,-0.09512745104466741
-0.18233883123841532,-0.06775172351939494,-0.09672439077878456
-0.18164340499405637,-0.06733711103246619,-0.09830949053949148
-0.1809556961213906,-0.06687376933464931,-0.09988152903374586
-0.18027621583637762,-0.06636229419699483,-0.10143930446057348
-0.1796054642767571,-0.06580331507058879,-0.10298163531079613
-0.17894393021929098,-0.06519749422049566,-0.10450736113865457
-0.17829209081076175,-0.06454552584232177,-0.10601534330501765
-0.17765041131274817,-0.0638481351625188,-0.10750446569190664
-0.17701934486018142,-0.06310607752354205,-0.10897363538809737
-0.17639933223367532,-0.06232013745497508,-0.1104217833456037
-0.17579080164560845,-0.06149112773172745,-0.1118478650068776
-0.17519416853991898,-0.060619888420403466,-0.11325086090259806
-0.17460983540556516,-0.0597072859149353,-0.11462977721995707
-0.17403819160359058,-0.05875421196255957,-0.1159836463413813
-0.17347961320771482,-0.05776158268121203,-0.11731152735366634
-0.17293446285836772,-0.056730337569396196,-0.11861250652752771
-0.17240308963006473,-0.05566143850957691,-0.11988569776760989
-0.17188582891201498,-0.0545558687661286,-0.12113024303302206
-0.17138300230183962,-0.05341463197885861,-0.1223453127285014
-0.17089491751227107,-0.0522387511531068,-0.12353010606633551
-0.17042186829068748,-0.051029267647408,-0.12468385139919813
-0.16996413435133417,-0.04978724015968455,-0.1258058065240903
-0.16952198132006807,-0.04851374371291969,-0.12689525895759646
-0.1690956606914561,-0.04720986864124156,-0.1279515261826954
-0.16868540979804914,-0.045876719577328695,-0.12897395586739163
-0.16829145179164318,-0.04451541444202756,-0.12996192605545384
-0.1679139956363335,-0.043127083437050635,-0.13091484532957265
-0.16755323611316042,-0.04171286804160243,-0.13183215294727063
-0.16720935383613628,-0.040273920013759276,-0.1327133189499193
-0.16688251527943926,-0.03881140039740417,-0.1335578442452383
-0.16657287281554997,-0.03732647853549698,-0.13436526066366813
-0.1662805647641066,-0.03582033109043528,-0.1351351309890316
-0.16600571545124373,-0.034294141072238354,-0.13586704896390978
-0.1657484352791763,-0.032749096875262486,-0.13656063927017792
-0.16550882080578802,-0.031186391324130907,-0.1372155574851644
-0.1652869548339778,-0.02960722072953876,-0.13783149001390158
-0.16508290651051186,-0.028012783954566658,-0.13840815399796114
-0.16489673143413092,-0.02640428149211431,-0.1389452972013687
-0.16472847177265149,-0.024782914554038887,-0.13944269787411215
-0.1645781563888067,-0.023149884172559206,-0.13990016459376234
-0.16444580097456124,-0.021506390314461554,-0.1403175360857378
-0.1643314081936373,-0.01985363100861898,-0.14069468102275057
-0.16423496783198735,-0.018192801487310433,-0.14103149780398208
-0.1641564569559456,-0.016525093341802632,-0.1413279143145387
-0.16409584007779157,-0.014851693692632548,-0.14158388766575006
-0.16405306932845548,-0.013173784375004908,-0.14179940391686968
-0.16402808463709728,-0.01149254113969503,-0.1419744777787483
-0.16402081391729237,-0.009809132869823694,-0.14210915230005206
-0.1640311732595506,-0.008124720813847398,-0.14220349853659772
-0.16405906712990512,-0.006440457835084894,-0.14225761520438152
-0.16410438857429852,-0.004757487678077434,-0.1422716283168795
-0.1641670194285033,-0.0030769442520584014,-0.1422456908071966
-0.16424683053330924,-0.0013999509317859573,-0.14217998213564173
-0.16434368195471316,0.00027238012402938796,-0.14207470788330515
-0.16445742320884965,0.0019389486364913698,-0.14193009933221448
-0.1645878934913999,0.0035986668522885747,-0.14174641303264165
-0.16473492191122513,0.005250460171299269,-0.14152393035813074
-0.1648983277279606,0.006893267755880391,-0.14126295704881578
-0.1650779205933224,0.008526043121710179,-0.1409638227435904
-0.1652735007958749,0.010147754710072676,-0.14062688050169006
-0.16548485950900724,0.01175738644149092,-0.14025250631424147
-0.16571177904187587,0.0133539382506335,-0.13984109860632912
-0.16595403309307158,0.014936426602436697,-0.13939307773012338
-0.16621138700676902,0.016503884989401297,-0.1389088854496076
-0.16648359803112495,0.01805536441003969,-0.1383889844174386
-0.16677041557869224,0.019589933828464905,-0.1378338576444653
-0.16707158148862256,0.02110668061512838,-0.1372440079624236
-0.1673868302904279,0.022604710968728695,-0.13661995748032013
-0.16771588946908758,0.024083150319327697,-0.1359622470350092
-0.16805847973127597,0.025541143712723976,-0.13527143563645846
-0.1684143152725014,0.026977856176148004,-0.13454809990819325
-0.16878310404494823,0.02839247306535534,-0.13379283352339896
-0.1691645480258114,0.029784200393207234,-0.13300624663715457
-0.16955834348593074,0.031152265139839343,-0.13218896531525923
-0.1699641812585221,0.03249591554453217,-0.13134163096010942
-0.170381747007813,0.033814421379405345,-0.13046489973407113
-0.17081072149739956,0.0351070742050712,-0.1295594419807851
-0.17125078085813675,0.03637318760839082,-0.12862594164483207
-0.17170159685538347,0.037612097422486855,-0.12766509569018092
-0.17216283715542777,0.03882316192917558,-0.12667761351782492
-0.1726341655909228,0.04000576204399004,-0.12566421638301162
-0.17311524242516685,0.04115930148397385,-0.12462563681245535
-0.17360572461506363,0.042283206918433416,-0.12356261802191638
-0.17410526607260896,0.043376928102843715,-0.12247591333451915
-0.17461351792474933,0.04443993799610941,-0.12136628560017422
-0.17513012877146497,0.045471732861390494,-0.12023450661645906
-0.1756547449419312,0.046471832350707,-0.11908135655130206
-0.17618701074862209,0.04743977957354358,-0.11790762336780955
-0.17672656873921821,0.04837514114968066,-0.11671410225155825
-0.17727305994619005,0.04927750724648321,-0.1155015950406763
-0.1778261241339286,0.05014649160088338,-0.11427090965902
-0.178385400043303,0.05098173152629841,-0.11302285955274696
-0.17895052563352598,0.051782887904727765,-0.11175826313057743
-0.179521138321214,0.05254964516427874,-0.11047794320802728
-0.18009687521653273,0.05328171124237298,-0.10918272645588666
-0.18067737335632286,0.05397881753488898,-0.1078734428532088
-0.1812622699341045,0.054640718831499804,-0.10655092514506855
-0.18185120252686438,0.05526719323746649,-0.10521600830533742
-0.18244380931853124,0.055858042082151095,-0.10386952900471699
-0.1830397293200516,0.05641308981451597,-0.10251232508426317
-0.18363860258598094,0.056932183885876175,-0.10114523503462453
-0.18424007042750853,0.05741519462017527,-0.0997690974812133
-0.18484377562183832,0.05786201507205575,-0.09838475067551573
-0.1854493626178545,0.05827256087299619,-0.09699303199274527
-0.18605647773799847,0.05864677006578914,-0.09559477743602963
-0.18666476937629534,0.05898460292763456,-0.09419082114732062
-0.18727388819246324,0.05928604178212349,-0.09278199492520288
-0.18788348730205054,0.059551090800388486,-0.09136912774977582
-0.18849322246254305,0.05977977579169692,-0.08995304531477183
-0.18910275225538917,0.059972143983764103,-0.08853456956706919
-0.18971173826389837,0.06012826379306308,-0.08711451825375074
-0.1903198452469618,0.06024822458540738,-0.0856937044768524
-0.19092674130855986,0.06033213642708367,-0.0842729362559391
-0.19153209806301327,0.06038012982681117,-0.08285301609864064
-0.19213559079594414,0.06039235546880281,-0.08143474057927112
-0.19273689862091634,0.06036898393720512,-0.080018899925651
-0.1933357046317231,0.06031020543218971,-0.07860627761424602
-0.19393169605029925,0.06021622947797278,-0.07719764997372762
-0.1945245643702322,0.06008728462303466,-0.07579378579705759
-0.19511400549585262,0.05992361813281271,-0.0743954459621912
-0.19569971987688944,0.05972549567513745,-0.0730033830614884
-0.19628141263867097,0.05949320099868548,-0.07161834103991714
-0.19685879370786388,0.059227035604715504,-0.0702410548421283
-0.19743157793373986,0.058927318412357585,-0.06887225006847342
-0.19799948520496455,0.058594385417722064,-0.06751264264003483
-0.1985622405619025,0.05822858934709308,-0.06616293847273091
-0.1991195743044406,0.057830299304472234,-0.06482383316055261
-0.1996712220953305,0.057399900413733496,-0.0634960116679861
-0.20021692505905192,0.05693779345565255,-0.06218014803166719
-0.2007564298762048,0.056444394500068634,-0.06087690507131263
-0.2012894888734408,0.05592013453343808,-0.059586934109964414
-0.20181586010894148,0.055365459082035294,-0.05831087470358208
-0.20233530745345862,0.05478082783105677,-0.05704935438001143
-0.20284760066693325,0.0541667142398801,-0.055802988387353654
-0.2033525154707089,0.0535236051537306,-0.05457237945175576
-0.20384983361535927,0.05285200041200373,-0.05335811754463661
-0.20433934294415523,0.05215241245349157,-0.05216077965936068
-0.20482083745219065,0.051425365918759305,-0.05098092959736578
-0.2052941173411964,0.050671397249914346,-0.04981911776374775
-0.20575898907006884,0.04989105428801124,-0.04867588097230063
-0.2062152654011445,0.04908489586833103,-0.04755174226000588
-0.20666276544224968,0.048253491413773664,-0.04644721071096208
-0.20710131468456158,0.047397420526598004,-0.045362781289740396
-0.20753074503631475,0.04651727257874397,-0.04429893468414852
-0.20795089485238952,0.04561364630096775,-0.043256137157381074
-0.20836160895982248,0.04468714937101897,-0.04223484040953157
-0.2087627386792799,0.04373839800108665,-0.04123548144843536
-0.2091541418425326,0.04276801652473943,-0.040258482469811716
-0.20953568280598017,0.04177663698358145,-0.03930425074666697
-0.2099072324602681,0.04076489871384396,-0.03837317852791823
-0.2102686682360428,0.039733447933130724,-0.03746564294619398
-0.2106198741058944,0.03868293732753193,-0.03658200593476232
-0.21096074058253841,0.037614025639319176,-0.03572261415353628
-0.211291164713282,0.03652737725543212,-0.034887798924100044
-0.21161105007083142,0.03542366179696413,-0.03407787617369817
-0.2119203067404947,0.034303553709851664,-0.033293146388124646
-0.2122188513038284,0.03316773185697034,-0.032533894573446555
-0.21250660681879174,0.03201687911183662,-0.031800390226493176
-0.2127835027964597,0.03085168195411293,-0.031092887314037726
-0.2130494751743554,0.02967283006710935,-0.03041162426059561
-0.2133044662864622,0.028481015937474312,-0.029756823944760424
-0.21354842482997224,0.027276934457261797,-0.0291286937039947
-0.21378130582883645,0.02606128252856115,-0.02852742534778985
-0.21400307059417553,0.024834758670872006,-0.02795319517910632
-0.21421368668161678,0.02359806263140393,-0.02740616402400151
-0.2144131278456195,0.02235189499847686,-0.026886477269350485
-0.2146013739908555,0.021096956818196667,-0.026394264908561088
-0.21477841112070759,0.01983394921457503,-0.025929641595181713
-0.21494423128295523,0.0185635730132613,-0.025492706704297735
-0.21509883251271306,0.01728652836905017,-0.025083544401609356
-0.2152422187726893,0.016003514397325135,-0.024702223720079956
-0.2153743998908346,0.014715228809595195,-0.0243487986440429
-0.2154953914954481,0.013422367553278518,-0.024023308200649948
-0.21560521494781074,0.012125624455882831,-0.023725776558543334
-0.2157038972724172,0.010825690873729948,-0.023456213133630135
-0.21579147108487412,0.009523255345366907,-0.023214612701834683
-0.21586797451753928,0.008219003249803717,-0.023000955518703025
-0.21593345114296744,0.006913616469713271,-0.02281520744573005
-0.2159879498952412,0.005607773059725753,-0.02265732008327824
-0.2160315249892532,0.0043021469199459724,-0.02252723090995396
-0.2160642358380131,0.002997407474818073,-0.02242486342830522
-0.21608614696805478,0.0016942193574585474,-0.02235012731670286
-0.21609732793301056,0.0003932420995743032,-0.022302918587264183
-0.21609785322542965,-0.0009048701729211907,-0.02228311974967689
-0.21608780218691231,-0.00219946903848477,-0.022290599980778314
-0.21606725891663037,-0.0034899120726084834,-0.022325215299743593
-0.21603631217831043,-0.004775563134471615,-0.02238680874873423
-0.2159950553057476,-0.006055792647483081,-0.022475210578856885
-0.2159435861069276,-0.007329977873621434,-0.02259023844128045
-0.21588200676682542,-0.008597503181484008,-0.022731697583357798
-0.21581042374895462,-0.009857760307960744,-0.022899381049597173
-0.21572894769574055,-0.011110148613452825,-0.023093069887326748
-0.21563769332778507,-0.012354075330559853,-0.02331253335689434
-0.2155367793420995,-0.013588955806164295,-0.023557529146243348
-0.21542632830937292,-0.014814213736845754,-0.023827803589704256
-0.21530646657034974,-0.016029281397561875,-0.02412309189084076
-0.21517732413138413,-0.017233599863537435,-0.024443118349187977
-0.2150390345592437,-0.018426619225307177,-0.024787596590719253
-0.21489173487522908,-0.01960779879686242,-0.025156229801877934
-0.21473556544868275,-0.020776607316855454,-0.02554871096700925
-0.21457066988995097,-0.02193252314282119,-0.02596472310902701
-0.21439719494286988,-0.023075034438378345,-0.02640393953314936
-0.21421529037684167,-0.024203639353378208,-0.02686602407353753
-0.21402510887856713,-0.025317846196972384,-0.027350631342671114
-0.2138268059435014,-0.026417173603576108,-0.02785740698329342
-0.2136205397670978,-0.027501150691707377,-0.02838598792276008
-0.2134064711359045,-0.028569317215686934,-0.028936002629624605
-0.21318476331857597,-0.029621223710188153,-0.029507071372294014
-0.2129555819568646,-0.030656431627630657,-0.030098806479589218
-0.21271909495665461,-0.03167451346841506,-0.030710812603043113
-0.21247547237909387,-0.03267505290400101,-0.03134268698077211
-0.21222488633189393,-0.03365764489283526,-0.031994019702755755
-0.21196751086084645,-0.03462189578913945,-0.03266439397736077
-0.2117035218416236,-0.03556742344457286,-0.033353386398945445
-0.2114330968719139,-0.03649385730278906,-0.03406056721638292
-0.21115641516395275,-0.037400838486908415,-0.03478550060234121
-0.2108736574375025,-0.03828801987993447,-0.0355277449231597
-0.2105850058133359,-0.03915506619814398,-0.036286853009163615
-0.21029064370727607,-0.040001654057486895,-0.03706237242525729
-0.2099907557248464,-0.04082747203303363,-0.0378538457416415
-0.20968552755658015,-0.041632220711512846,-0.03866081080449816
-0.20937514587404038,-0.042415612736985936,-0.03948280100649015
-0.2090597982265983,-0.04317737284970866,-0.04031934555692429
-0.20873967293901877,-0.043917237918232994,-0.041169969751427025
-0.2084149590098988,-0.044634956964807126,-0.042034195240985714
-0.20808584601100405,-0.045330291184133883,-0.04291154030020827
-0.20775252398754718,-0.04600301395555235,-0.04380152009465813
-0.20741518335945272,-0.046652910848709386,-0.04470364694712201
-0.20707401482364818,-0.047279779622793394,-0.04561743060267065
-0.20672920925742141,-0.047883430219402674,-0.04654237849237544
-0.2063809576228865,-0.048463684749127205,-0.047477995995545974
-0.20602945087259128,-0.04902037747192288,-0.04842378670035529
-0.2056748798563083,-0.049553354771361975,-0.04937925266272325
-0.2053174352290401,-0.05006247512284573,-0.05034389466333021
-0.20495730736027684,-0.050547609055867894,-0.051317212462636416
-0.2045946862445343,-0.051008639110421077,-0.05229870505378476
-0.20422976141321003,-0.051445459787638585,-0.053287870913267255
-0.2038627218477812,-0.051857977494770724,-0.05428420824923977
-0.20349375589437965,-0.05224611048459177,-0.055287215247369924
-0.20312305117976537,-0.05260978878934128,-0.05629639031410852
-0.20275079452873102,-0.05294895414930114,-0.057311232317276556
-0.20237717188295787,-0.0532635599361153,-0.05833124082386289
-0.20200236822135,-0.053553571070959045,-0.05935591633493185
-0.20162656748186722,-0.05381896393766708,-0.06038476051754091
-0.20124995248487987,-0.05405972629093183,-0.06141727643357442
-0.20087270485806497,-0.05427585715968505,-0.06245296876540142
-0.20049500496286216,-0.05446736674577632,-0.0634913440382677
-0.20011703182250676,-0.05463427631806527,-0.06453191083933707
-0.19973896305165778,-0.054776618102043845,-0.06557418003329957
-0.19936097478763518,-0.0548944351651081,-0.06661766497446801
-0.19898324162327904,-0.05498778129759828,-0.06766188171528624
-0.19860593654144573,-0.05505672088972844,-0.06870634921117726
-0.19822923085115102,-0.055101328804526846,-0.06975058952166291
-0.19785329412537067,-0.05512169024691032,-0.07079412800768757
-0.19747829414050924,-0.0551179006290147,-0.07183649352508568
-0.19710439681754108,-0.055090065431906594,-0.07287721861413263
-0.1967317661648367,-0.0550383000637998,-0.07391583968512436
-0.19636056422267437,-0.05496272971490152,-0.07495189719993227
-0.1959909510094443,-0.054863489209013676,-0.07598493584948596
-0.19562308446954985,-0.05474072285201481,-0.0770145047271367
-0.19525712042300597,-0.05459458427734794,-0.0780401574978603
-0.19489321251673836,-0.054425236288639794,-0.07906145256326029
-0.19453151217758302,-0.054232850699577784,-0.08007795322233491
-0.19417216856698372,-0.05401760817116863,-0.08108922782797617
-0.1938153285373907,-0.05377969804650561,-0.08209484993917146
-0.1934611365903525,-0.053519318183167616,-0.08309439846888199
-0.19310973483630023,-0.0532366747833756,-0.08408745782757368
-0.1927612629560202,-0.0529319822220297,-0.08507361806238284
-0.19241585816380874,-0.05260546287275076,-0.08605247499189846
-0.19207365517230182,-0.052257346932048455,-0.08702363033654753
-0.19173478615897374,-0.05188787224173821,-0.08798669184457376
-0.19139938073429805,-0.05149728410972817,-0.08894127341360059
-0.19106756591155788,-0.05108583512929564,-0.08988699520777522
-0.19073946607830072,-0.05065378499697354,-0.09082348377049045
-0.19041520296942338,-0.05020140032916326,-0.09175037213268668
-0.19009489564187795,-0.04972895447759214,-0.09266729991673597
-0.1897786604509868,-0.049236727343731516,-0.09357391343591717
-0.18946661102835338,-0.04872500519228886,-0.09446986578948864
-0.18915885826135442,-0.04819408046388781,-0.09535481695337247
-0.18885551027420194,-0.04764425158704831,-0.09622843386646307
-0.18855667241055876,-0.04707582278957688,-0.09709039051257776
-0.18826244721769092,-0.04648910390947542,-0.09794036799806821
-0.1879729344321447,-0.045884410205477184,-0.09877805462511545
-0.18768823096692822,-0.04526206216731458,-0.09960314596073044
-0.1874084309001819,-0.0446223853258231,-0.10041534490148911
-0.18713362546532025,-0.043965710062984636,-0.10121436173402751
-0.18686390304262634,-0.04329237142200958,-0.10199991419133031
-0.1865993491522812,-0.04260270891755758,-0.10277172750484319
-0.18634004644880794,-0.0418970663461938,-0.10352953445244535
-0.18608607471691144,-0.04117579159717553,-0.10427307540231785
-0.1858375108686935,-0.040439236463663236,-0.10500209835274646
-0.18559442894222375,-0.039687756454446825,-0.10571635896790012
-0.185356900101444,-0.03892171060627704,-0.10641562060962523
-0.18512499263738685,-0.038141461296889057,-0.10709965436530162
-0.1848987719706849,-0.037347374058804166,-0.107768239071804
-0.18467830065535096,-0.0365398173939931,-0.1084211613356164
-0.18446363838380503,-0.03571916258948224,-0.10905821554914824
-0.18425484199312744,-0.034885783533982063,-0.10967920390330035
-0.1840519654725133,-0.03404005653561552,-0.11028393639633426
-0.18385505997190832,-0.03318236014082124,-0.11087223083909437
-0.1836641738118001,-0.032313074954504604,-0.1114439128566403
-0.18347935249414407,-0.031432583461508685,-0.11199881588633935
-0.18330063871439703,-0.03054126984947287,-0.11253678117247912
-0.18312807237463893,-0.029639519833146406,-0.11305765775745467
-0.18296169059775577,-0.02872772048022224,-0.11356130246958894
-0.18280152774266187,-0.027806260038752702,-0.11404757990764466
-0.18264761542053495,-0.026875527766208506,-0.11451636242208714
-0.18249998251204302,-0.025935913760238846,-0.11496753009315866
-0.18235865518553632,-0.024987808791189253,-0.11540097070582488
-0.18222365691618161,-0.024031604136431264,-0.11581657972165463
-0.18209500850601237,-0.02306769141655621,-0.11621426024769604
-0.1819727281048754,-0.02209646243348287,-0.11659392300241203
-0.18185683123224192,-0.021118309010527383,-0.11695548627873475
-0.18174733079986677,-0.020133622834481085,-0.11729887590430857
-0.18164423713526517,-0.01914279529974033,-0.11762402519898024
-0.18154755800598715,-0.018146217354530012,-0.11793087492960212
-0.18145729864466237,-0.017144279349261056,-0.11821937326221478
-0.18137346177479327,-0.016137370887059407,-0.1184894757116709
-0.18129604763727122,-0.015125880676502551,-0.11874114508876611
-0.18122505401759223,-0.014110196386598087,-0.11897435144494306
-0.18116047627374762,-0.013090704504035459,-0.1191890720146316
-0.18110230736476732,-0.012067790192742272,-0.11938529115529206
-0.18105053787989095,-0.011041837155772534,-0.1195630002852245
-0.1810051560683431,-0.010013227499553882,-0.11972219781921058
-0.18096614786969023,-0.008982341600518326,-0.1198628891020511
-0.18093349694475572,-0.007949557974139461,-0.11998508634006673
-0.1809071847070692,-0.00691525314639731,-0.12008880853062036
-0.18088719035482878,-0.005879801527690087,-0.12017408138973343
-0.1808734909033527,-0.004843575289210816,-0.12024093727785302
-0.18086606121799656,-0.003806944241804667,-0.12028941512383598
-0.1808648740475182,-0.0027702757173215546,-0.12031956034721411
-0.18086990005786163,-0.001733934452476732,-0.1203314247788015
-0.18088110786634415,-0.0006982824752306109,-0.12032506657970657
-0.18089846407622223,0.0003363210063024537,-0.12030055015881269
-0.18092193331161507,0.001369519712408301,-0.12025794608878486
-0.1809514782527644,0.0024009603977832943,-0.12019733102066871
-0.18098705967161083,0.0034302929549956,-0.12011878759713616
-0.18102863646766507,0.004457170515393544,-0.12002240436444346
-0.18107616570415366,0.005481249547458664,-0.11990827568315607
-0.18112960264442018,0.006502189952602283,-0.119776501637701
-0.1811889007885604,0.007519655158405728,-0.11962718794480588
-0.1812540119102737,0.008533312209305826,-0.11946044586087953
-0.18132488609390945,0.00954283185472825,-0.11927639208839312
-0.18140147177169177,0.010547888634672683,-0.11907514868131479
-0.18148371576110156,0.011548160962754891,-0.11885684294965652
-0.1815715633023985,0.012543331206711935,-0.11862160736318661
-0.18166495809626562,0.013533085766377902,-0.1183695794543596
-0.18176384234155735,0.014517115149138447,-0.11810090172051892
-0.18186815677313403,0.015495114042873763,-0.1178157215254249
-0.18197784069976555,0.016466781386400228,-0.11751419100015775
-0.1820928320420875,0.01743182043742245,-0.11719646694344728
-0.1822130673705931,0.018389938838007845,-0.11686271072147973
-0.18233848194364377,0.019340848677596997,-0.11651308816722954
-0.18246900974548447,0.02028426655356423,-0.11614776947936747
-0.18260458352424574,0.0212199136293431,-0.1157669291207865
-0.18274513482991722,0.022147515690132763,-0.11537074571680056
-0.18289059405228061,0.023066803196201777,-0.11495940195305387
-0.18304089045878325,0.02397751133380682,-0.11453308447319135
-0.1831959522323402,0.02487938006374398,-0.11409198377633233
-0.18335570650905075,0.02577215416755197,-0.1136362941143901
-0.1835200794158148,0.026655583291386068,-0.11316621338928161
-0.1836889961078346,0.027529421987583427,-0.11268194305006785
-0.18386238080599154,0.028393429753939752,-0.11218368799006605
-0.18404015683408237,0.029247371070719213,-0.11167165644397324
-0.18422224665590384,0.030091015435419092,-0.111146059885041
-0.1844085719121712,0.030924137395311028,-0.11060711292233921
-0.1845990534572634,0.03174651657778257,-0.1100550331981466
-0.1847936113957777,0.03255793771850157,-0.10949004128550387
-0.18499216511888522,0.033358190687427146,-0.10891236058596623
-0.18519463334047645,0.03414707051269194,-0.10832221722759032
-0.18540093413308567,0.03492437740237921,-0.10771983996318792
-0.18561098496358283,0.03568991676422086,-0.1071054600688819
-0.185824702728624,0.0364434992232403,-0.10647931124299598
-0.18604200378984959,0.03718494063736659,-0.10584162950530916
-0.18626280400882197,0.03791406211104571,-0.10519265309670768
-0.18648701878169144,0.038630690006874586,-0.1045326223792621
-0.18671456307358253,0.039334655955284424,-0.1038617797367611
-0.186945351452693,0.040025796862300345,-0.10318036947572899
-0.1871792981240934,0.04070395491540364,-0.10248863772695523
-0.18741631696322436,0.04136897758752434,-0.10178683234756256
-0.18765632154907944,0.04202071763919025,-0.1010752028236409
-0.18789922519706684,0.04265903311886123,-0.10035400017347086
-0.18814494099154422,0.043283787361474965,-0.09962347685136315
-0.18839338181801735,0.04389484898523259,-0.09888388665213678
-0.18864446039499805,0.044492091886652096,-0.09813548461625986
-0.1888980893055121,0.04507539523391668,-0.09737852693567514
-0.18915418102825332,0.04564464345854626,-0.09661327086033268
-0.18941264796837678,0.046199726245420535,-0.09583997460545024
-0.18967340248792472,0.04674053852118132,-0.09505889725952178
-0.18993635693588024,0.04726698044104187,-0.09427029869309438
-0.1902014236778437,0.04777895737403216,-0.0934744394683325
-0.19046851512532678,0.04827637988670728,-0.0926715807493875
-0.1907375437646584,0.0487591637253478,-0.09186198421359086
-0.19100842218549752,0.04922722979667979,-0.09104591196348781
-0.19128106310895185,0.04968050414714239,-0.09022362643972841
-0.19155537941529407,0.05011891794073167,-0.08939539033483197
-0.19183128417127354,0.050542407435447835,-0.08856146650783885
-0.19210869065701994,0.050950913958374165,-0.08772211789986639
-0.19238751239253582,0.051344383879415735,-0.08687760745058187
-0.19266766316377246,0.051722768583724904,-0.08602819801560599
-0.19294905704828857,0.05208602444284205,-0.08517415228486053
-0.19323160844048787,0.05243411278457887,-0.08431573270187237
-0.19351523207643312,0.05276699986167084,-0.0834532013840451
-0.19379984305823264,0.05308465681922797,-0.08258682004391112
-0.1940853568780001,0.053387059661009297,-0.08171684991137365
-0.19437168944138264,0.05367418921454889,-0.08084355165694955
-0.19465875709065691,0.05394603109516093,-0.07996718531602297
-0.19494647662739117,0.054202575668849534,-0.07908801021411889
-0.19523476533467046,0.05444381801415078,-0.07820628489320529
-0.19552354099888672,0.05466975788293316,-0.07732226703903307
-0.19581272193108962,0.05488039966018315,-0.07643621340952093
-0.1961022269878977,0.05507575232280096,-0.07554837976419264
-0.19639197559197016,0.05525582939743444,-0.07465902079467415
-0.19668188775203857,0.055420648917375116,-0.07376839005625757
-0.19697188408249575,0.055570233378542826,-0.07287673990053685
-0.1972618858225449,0.0557046096945847,-0.07198432140912209
-0.1975518148549055,0.055823809151113145,-0.0710913843284374
-0.19784159372407797,0.055927867359108624,-0.07019817700560717
-0.19813114565416812,0.05601682420751148,-0.06930494632543589
-0.1984203945662675,0.05609072381502797,-0.06841193764848426
-0.19870926509539522,0.05614961448117502,-0.06751939475024812
-0.19899768260699796,0.056193548636587945,-0.06662755976143996
-0.19928557321301074,0.05622258279261518,-0.06573667310937936
-0.19957286378747888,0.056236777490223884,-0.06484697346049362
-0.1998594819817418,0.056236197248240874,-0.0639586976639306
-0.20014535623918012,0.05622091051095123,-0.06307208069628675
-0.20043041580952725,0.056190989595078594,-0.062187355607452185
-0.2007145907627455,0.05614651063617068,-0.06130475346757249
-0.20099781200247077,0.05608755353441162,-0.060424503315131085
-0.20128001127902578,0.05601420189988506,-0.05954683210614999
-0.20156112120200292,0.05592654299730989,-0.05867196466451228
-0.20184107525241918,0.055824667690270766,-0.057800123633403845
-0.20211980779444658,0.05570867038496592,-0.0569315294278771
-0.2023972540867168,0.05557864897349361,-0.05606640018853339
-0.2026733502932048,0.055434704776699144,-0.05520495173632562
-0.20294803349369406,0.05527694248660372,-0.054347397528479544
-0.20322124169382288,0.05510547010843627,-0.053493948615532236
-0.2034929138347162,0.05492039890228952,-0.05264481359948668
-0.20376298980220603,0.054721843324420226,-0.051800198593080576
-0.20403141043564088,0.054509920968215525,-0.05096030718016798
-0.20429811753628896,0.054284752504844117,-0.050125340377210635
-0.20456305387533721,0.05404646162361388,-0.049295496595877716
-0.20482616320148858,0.053795174972054355,-0.04847097160675061
-0.20508739024816094,0.05353102209574523,-0.0476519585041302
-0.20534668074029086,0.053254135377909045,-0.04683864767194357
-0.20560398140074457,0.05296464997878825,-0.046031226750746786
-0.2058592399563406,0.05266270377482519,-0.04522988060582023
-0.2061124051434857,0.05234843729766383,-0.044434791296352985
-0.20636342671342925,0.05202199367299221,-0.04364613804571236
-0.2066122554371374,0.051683518559243746,-0.04286409721279395
-0.20685884310979227,0.051333160086175465,-0.0420888422644488
-0.20710314255491954,0.050971068793341526,-0.04132054374898259
-0.2073451076281454,0.0505973975684795,-0.04055936927072241
-0.20758469322059245,0.050212301585827096,-0.03980548346564587
-0.20782185526191024,0.0498159382443867,-0.039059047978068334
-0.20805655072295104,0.049408467106154624,-0.0383202214383823
-0.2082887376180917,0.048990049834332736,-0.037589159441843906
-0.20851837500720533,0.048560850131538394,-0.03686601452840105
-0.2087454229972875,0.04812103367802919,-0.03615093616355706
-0.20896984274374084,0.04767076806996003,-0.035444070720264766
-0.2091915964513222,0.04721022275768713,-0.03474556146184378
-0.20941064737475615,0.04673956898413579,-0.034055548525916274
-0.20962695981901747,0.0462589797232475,-0.03337416890935325
-0.2098404991392918,0.04576862961852172,-0.03270155645422652
-0.21005123174061133,0.045268694921667844,-0.032037841834758295
-0.21025912507717645,0.04475935343138226,-0.03138315254526231
-0.21046414765136365,0.044240784432265555,-0.030737612889069513
-0.21066626901242574,0.04371316863389473,-0.03010134396843087
-0.21086545975488732,0.043176688110064636,-0.02947446367539083
-0.2110616915166423,0.042631526238213036,-0.02885708668362295
-0.21125493697675504,0.04207786763904342,-0.02824932444122119
-0.21144516985297163,0.04151589811635983,-0.02765128516443863
-0.21163236489894507,0.04094580459712679,-0.02706307383236652
-0.21181649790117824,0.04036777507176828,-0.026484792182544743
-0.211997545675691,0.03978199853471891,-0.025916538707496675
-0.21217548606441403,0.03918866492524088,-0.02535840865217975
-0.21235029793131466,0.03858796506851867,-0.024810494012343615
-0.2125219611582599,0.037980090617045166,-0.024272883533787502
-0.21269045664062045,0.03736523399231139,-0.023745662712508418
-0.21285576628262026,0.03674358832681206,-0.023228913795731106
-0.21301787299243885,0.036115347406379346,-0.02272271578381176
-0.21317676067706556,0.035480705612856475,-0.022227144433005934
-0.21333241423691646,0.03483985786712336,-0.02174227225909213
-0.21348481956021487,0.03419299957248545,-0.021268168541841978
-0.21363396351714067,0.03354032655843725,-0.02080489933032758
-0.2137798339537553,0.03288203502481186,-0.020352527449056943
-0.21392241968570452,0.03221832148632716,-0.01991111250492813
-0.2140617104917036,0.03154938271753986,-0.019480710894992623
-0.2141976971068129,0.030875415698217328,-0.019061375815018218
-0.21433037121550513,0.030196617559138432,-0.018653157268841924
-0.21445972544453054,0.029513185528332937,-0.018256102078503075
-0.21458575335558447,0.02882531687776947,-0.0178702538951467
-0.2147084494377824,0.02813320887050244,-0.017495653210687235
-0.21482780909994598,0.027437058708286586,-0.01713233737022262
-0.21494382866270687,0.026737063479669372,-0.016780340585188524
-0.21505650535043142,0.02603342010856991,-0.016439693947242574
-0.21516583728297045,0.025326325303353686,-0.01611042544286825
-0.21527182346724164,0.024615975506411855,-0.015792559968688124
-0.21537446378864591,0.023902566844253445,-0.015486119347475734
-0.215473759002324,0.023186295078119278,-0.015191122344856004
-0.21556971072425887,0.022467355555125596,-0.014907584686683198
-0.21566232142222627,0.02174594315994529,-0.0146355190770858
-0.21575159440660116,0.02102225226703479,-0.014374935217167891
-0.21583753382102058,0.02029647669341411,-0.014125839824355607
-0.2159201446329118,0.01956880965200747,-0.01388823665237827
-0.21599943262388796,0.018839443705551535,-0.01366212651187315
-0.21607540438001552,0.018108570721078687,-0.013447507291602576
-0.21614806728195982,0.017376381824981715,-0.013244373980272594
-0.21621742949501185,0.016643067358666715,-0.01305271868894195
-0.21628349995900156,0.015908816834800745,-0.012872530674010148
-0.21634628837810138,0.0151738188941601,-0.01270379636077339
-0.21640580521052538,0.014438261263085558,-0.012546499367537087
-0.21646206165812693,0.01370233071155019,-0.012400620530273531
-0.21651506965590267,0.012966213011845392,-0.012266137927813493
-0.2165648418614031,0.01223009289789056,-0.012143026907560098
-0.216611391644056,0.011494154025171567,-0.012031260111713658
-0.21665473307440827,0.010758578931313123,-0.011930807503995928
-0.21669488091328837,0.010023548997289652,-0.011841636396862129
-0.2167318506008941,0.009289244409279394,-0.01176371147918925
-0.2167656582458115,0.008555844121166216,-0.011696994844428947
-0.21679632061396736,0.007823525817693034,-0.011641446019213476
-0.21682385511752028,0.007092465878271067,-0.01159702199240288
-0.21684827980369412,0.006362839341448639,-0.011563677244561798
-0.2168696133435583,0.005634819870043139,-0.01154136377785425
-0.2168878750207594,0.004908579716939389,-0.011530031146344436
-0.21690308472020642,0.004184289691557725,-0.011529626486692045
-0.21691526291671545,0.003462119126994765,-0.011540094549230245
-0.21692443066361713,0.0027422358478395342,-0.011561377729414481
-0.21693060958133129,0.002024806138667608,-0.011593416099630435
-0.21693382184591045,0.0013099947132156277,-0.01163614744134929
-0.21693409017756038,0.0005979646842383066,-0.011689507277618581
-0.2169314378291366,-0.00011112246595004245,-0.011753428905876781
-0.21692588857462375,-0.0008171069142477042,-0.011827843431079932
-0.21691746669760087,-0.0015198305248499443,-0.011912679799128488
-0.21690619697969543,-0.002219136876644169,-0.012007864830582669
-0.21689210468903058,-0.0029148712899146885,-0.012113323254654543
-0.21687521556867,-0.003606880852356136,-0.012228977743465182
-0.21685555582506089,-0.00429501444439475,-0.012354748946555078
-0.21683315211648196,-0.004979122763816874,-0.012490555525636313
-0.21680803154149794,-0.005659058349704449,-0.012636314189574609
-0.21678022162742544,-0.0063346756056770395,-0.012791939729589906
-0.2167497503188106,-0.007005830822440676,-0.0129573450546636
-0.21671664596592607,-0.007672382199643488,-0.013132441227141082
-0.21668093731328683,-0.008334189867038629,-0.013317137498517997
-0.21664265348818953,-0.008991115904954996,-0.013511341345398711
-0.21660182398928038,-0.009643024364076517,-0.013714958505615642
-0.2165584786751498,-0.010289781284530982,-0.013927893014498037
-0.2165126477529619,-0.010931254714289565,-0.014150047241278725
-0.21646436176712008,-0.01156731472687822,-0.014381321925627816
-0.2164136515879694,-0.012197833438402613,-0.014621616214302012
-0.2163605484005432,-0.01282268502388823,-0.014870827697898168
-0.2163050836933517,-0.013441745732937441,-0.015128852447700392
-0.21624728924721942,-0.014054893904705637,-0.015395585052609306
-0.2161871971241723,-0.014662009982198666,-0.015670918656142653
-0.21612483965637716,-0.015262976525893944,-0.015954744993496354
-0.2160602494351371,-0.015857678226687703,-0.01624695442865518
-0.21599345929994407,-0.01644600191817134,-0.01654743599154214
-0.21592450232759214,-0.017027836588239614,-0.016856077415196236
-0.21585341182135437,-0.017603073390033804,-0.017172765172967674
-0.21578022130022326,-0.018171605652222995,-0.01749738451572027
-0.21570496448822082,-0.018733328888627117,-0.0178298195090305
-0.21562767530377716,-0.019288140807185036,-0.01816995307037277
-0.21554838784918237,-0.019835941318271676,-0.01851766700628115
-0.2154671364001112,-0.020376632542367837,-0.0188728420494767
-0.21538395539522653,-0.020910118817086966,-0.01923535789595113
-0.21529887942585976,-0.021436306703562853,-0.01960509324199622
-0.21521194322577203,-0.021955104992202795,-0.019981925821169543
-0.2151231816609994,-0.022466424707810646,-0.020365732441186647
-0.21503262971978065,-0.02297017911408431,-0.020756389020730213
-0.21494032250257294,-0.023466283717492695,-0.021153770626166364
-0.21484629521215537,-0.02395465627053666,-0.021557751508159067
-0.21475058314382275,-0.02443521677439954,-0.021968205138173234
-0.2146532216756694,-0.02490788748099193,-0.022385004244857235
-0.21455424625897018,-0.025372592894396456,-0.0228080208502961
-0.21445369240865178,-0.025829259771717787,-0.023237126306126073
-0.21435159569386475,-0.0262778171233434,-0.023672191329502212
-0.21424799172865006,-0.026718196212621156,-0.024113086038909846
-0.21414291616270784,-0.027150330554959187,-0.02455967998981183
-0.21403640467226487,-0.027574155916354138,-0.025011842210122905
-0.21392849295104635,-0.02798961031135392,-0.025469441235502918
-0.21381921670134912,-0.028396634000461003,-0.025932345144460814
-0.2137086116252216,-0.02879516948698287,-0.026400421593261586
-0.2135967134157469,-0.029185161513335434,-0.02687353785062787
-0.21348355774843616,-0.02956655705680665,-0.02735156083222876
-0.2133691802727273,-0.029939305324786333,-0.02783435713494836
-0.21325361660359493,-0.030303357749469174,-0.028321793070926256
-0.21313690231326876,-0.03065866798203784,-0.028813734701363128
-0.21301907292306368,-0.031005191886332575,-0.029310047870083462
-0.21290016389532243,-0.03134288753201488,-0.02981059823684965
-0.2127802106254699,-0.03167171518723201,-0.030315251310419414
-0.21265924843418113,-0.03199163731078935,-0.030823872481340484
-0.21253731255966465,-0.032302618543838195,-0.03133632705447564
-0.21241443815005948,-0.03260462570108584,-0.03185248028125202
-0.21229066025594798,-0.03289762776153596,-0.032372197391628305
-0.21216601382298558,-0.03318159585876574,-0.03289534362577336
-0.21204053368464718,-0.03345650327074847,-0.03342178426545073
-0.2119142545550889,-0.033722325409228086,-0.033951384665103515
-0.21178721102213058,-0.03397903980865398,-0.034484010282632774
-0.21165943754035343,-0.03422662611468353,-0.03501952670986541
-0.2115309684243184,-0.03446506607225989,-0.03555779970270526
-0.21140183784190195,-0.03469434351327339,-0.036098695210962456
-0.21127207980775206,-0.03491444434381361,-0.036642079407856014
-0.21114172817686166,-0.035125356531020675,-0.037187818719184855
-0.21101081663826382,-0.03532707008954339,-0.03773577985216258
-0.21087937870884443,-0.035519577067611906,-0.038285829823911106
-0.21074744772727697,-0.03570287153273361,-0.03883783598960934
-0.21061505684807486,-0.035876949557019616,-0.039391666070291986
-0.2104822390357653,-0.03604180920214998,-0.03994718818029506
-0.2103490270591825,-0.03619745050398611,-0.040504270854343424
-0.2102154534858804,-0.0363438754568382,-0.04106278307427742
-0.21008155067666595,-0.036481087997395106,-0.04162259429541435
-0.20994735078025076,-0.03660909398832656,-0.04218357447254158
-0.20981288572802387,-0.03672790120156381,-0.042745594085537804
-0.20967818722894202,-0.03683751930126826,-0.043308524164619736
-0.20954328676454162,-0.03693795982649544,-0.04387223631521071
-0.20940821558406647,-0.0370292361735629,-0.04443660274242865
-0.20927300469971646,-0.03711136357813003,-0.04500149627519068
-0.20913768488201287,-0.0371843590969981,-0.045566790389931756
-0.20900228665528317,-0.037248241589638,-0.046132359233935
-0.20886684029326152,-0.03730303169945484,-0.04669807764827171
-0.20873137581480802,-0.03734875183479669,-0.04726382119034848
-0.2085959229797436,-0.037385426149715795,-0.04782946615605983
-0.20846051128480098,-0.03741308052449059,-0.04839488960154459
-0.2083251699596919,-0.0374317425459162,-0.04895996936454441
-0.2081899279632895,-0.03744144148737174,-0.049524584085362706
-0.2080548139799246,-0.03744220828867201,-0.050088613227422626
-0.2079198564157964,-0.03743407553571238,-0.05065193709742334
-0.2077850833954964,-0.03741707743991379,-0.051214436865093194
-0.20765052275864576,-0.037391249817476484,-0.05177599458253867
-0.20751620205664287,-0.03735663006845007,-0.05233649320318902
-0.20738214854952466,-0.037313257155627826,-0.05289581660033511
-0.20724838920293703,-0.037261171583273134,-0.05345384958526261
-0.20711495068521585,-0.03720041537568544,-0.054010477924978775
-0.2069818593645761,-0.037131032055613925,-0.05456558835953296
-0.20684914130641127,-0.037053066622525985,-0.05511906861893027
-0.20671682227069876,-0.03696656553073891,-0.055670807439639106
-0.20658492770951273,-0.03687157666742147,-0.05622069458069166
-0.2064534827646428,-0.03676814933047312,-0.05676862083937881
-0.20632251226531742,-0.03665633420628895,-0.057314478066539186
-0.20619204072603226,-0.036536183347416956,-0.05785815918144311
-0.2060620923444815,-0.036407750150114854,-0.05839955818627205
-0.2059326909995911,-0.03627108933181485,-0.05893857018019403
-0.2058038602496547,-0.036126256908501936,-0.05947509137303681
-0.20567562333056846,-0.03597331017201414,-0.0600090190985586
-0.20554800315416696,-0.035812307667271254,-0.0605402518273188
-0.20542102230665577,-0.03564330916943905,-0.061068689179148386
-0.20529470304714462,-0.0354663756610357,-0.06159423193522323
-0.2051690673062747,-0.03528156930898792,-0.062116782049739847
-0.20504413668494217,-0.03508895344164265,-0.06263624266119665
-0.20491993245311627,-0.034888592525741835,-0.06315251810328162
-0.20479647554875152,-0.0346805521433664,-0.06366551391536822
-0.20467378657679142,-0.03446489896885611,-0.06417513685262183
-0.2045518858082649,-0.03424170074571148,-0.06468129489571774
-0.20443079317947135,-0.03401102626348489,-0.0651838972601747
-0.20431052829125662,-0.033772945334666425,-0.0656828544053027
-0.20419111040837587,-0.03352752877157063,-0.06617807804277184
-0.20407255845894484,-0.033274848363230976,-0.0666694811448006
-0.2039548910339753,-0.03301497685230739,-0.06715697795196826
-0.20383812638699803,-0.03274798791201327,-0.06764048398065267
-0.20372228243376636,-0.03247395612306735,-0.0681199160300971
-0.20360737675204446,-0.03219295695067659,-0.06859519218910795
-0.20349342658147698,-0.031905066721555825,-0.06906623184238629
-0.20338044882353898,-0.03161036260098928,-0.06953295567649681
-0.2032684600415628,-0.03130892256993979,-0.06999528568547551
-0.20315747646084717,-0.031000825402211316,-0.07045314517608113
-0.20304751396884008,-0.030686150641669466,-0.07090645877269093
-0.2029385881153984,-0.03036497857952604,-0.07135515242184642
-0.2028307141131221,-0.030037390231691826,-0.07179915339645042
-0.2027239068377616,-0.029703467316203394,-0.07223839029961976
-0.20261818082869823,-0.029363292230728585,-0.07267279306819578
-0.2025135502894951,-0.029016948030155452,-0.07310229297591733
-0.20241002908851766,-0.02866451840426949,-0.07352682263625897
-0.20230763075962438,-0.02830608765552362,-0.07394631600493741
-0.2022063685029231,-0.02794174067690603,-0.07436070838209097
-0.20210625518559563,-0.02757156292990956,-0.07476993641413376
-0.2020073033427868,-0.027195640422607505,-0.07517393809529058
-0.2019095251785581,-0.026814059687840047,-0.07557265276881402
-0.20181293256690352,-0.02642690776151538,-0.07596602112788846
-0.20171753705282777,-0.026034272161029572,-0.07635398521622479
-0.20162334985348482,-0.025636240863809272,-0.07673648842834983
-0.20153038185937716,-0.025232902285981153,-0.07711347550959285
-0.20143864363561065,-0.024824345261171655,-0.07748489255577506
-0.20134814542321033,-0.02441065901944102,-0.077850687012605
-0.2012588971404881,-0.02399193316635493,-0.07821080767478286
-0.20117090838446877,-0.023568257662197556,-0.07856520468481953
-0.2010841884323683,-0.023139722801329133,-0.07891382953157293
-0.20099874624312458,-0.02270641919169151,-0.07925663504850618
-0.2009145904589797,-0.022268437734464967,-0.0795935754116717
-0.20083172940711322,-0.021825869603879257,-0.07992460613742483
-0.2007501711013233,-0.021378806227181937,-0.08024968407987203
-0.20066992324375799,-0.020927339264767236,-0.0805687674280561
-0.20059099322669138,-0.020471560590467702,-0.08088181570288416
-0.20051338813434655,-0.02001156227201192,-0.08118878975380238
-0.20043711474476397,-0.019547436551650765,-0.08148965175521967
-0.20036217953171206,-0.01907927582695477,-0.08178436520268687
-0.20028858866664154,-0.01860717263178495,-0.08207289490883443
-0.20021634802068036,-0.018131219617439846,-0.08235520699907305
-0.20014546316667,-0.01765150953398072,-0.08263126890706096
-0.20007593938124024,-0.017168135211737198,-0.08290104936994253
-0.2000077816469221,-0.016681189542995765,-0.08316451842336187
-0.1999409946543,-0.01619076546387274,-0.08342164739625663
-0.19987558280419684,-0.01569695593637404,-0.08367240890543524
-0.1998115502098965,-0.01519985393064333,-0.08391677684994159
-0.19974890069940002,-0.0146995524074006,-0.084154726405212
-0.19968763781771423,-0.014196144300572654,-0.08438623401702859
-0.1996277648291732,-0.013689722500117322,-0.08461127739527251
-0.19956928471978994,-0.013180379835042791,-0.08482983550748223
-0.19951220019963894,-0.012668209056623575,-0.0850418885722203
-0.19945651370526715,-0.012153302821814529,-0.08524741805225211
-0.19940222740213348,-0.011635753676864183,-0.08544640664754295
-0.19934934318707428,-0.011115654041128627,-0.08563883828807493
-0.1992978626907971,-0.010593096191087068,-0.0858246981264896
-0.19924778728039721,-0.010068172244560226,-0.08600397253055916
-0.19919911806190035,-0.009540974145132436,-0.08617664907549176
-0.19915185588282697,-0.009011593646778455,-0.08634271653607294
-0.19910600133478037,-0.008480122298695887,-0.08650216487864944
-0.19906155475605536,-0.007946651430343888,-0.08665498525295832
-0.1990185162342681,-0.0074112721366888824,-0.08680116998380376
-0.1989768856090042,-0.006874075263658056,-0.08694071256258941
-0.19893666247448816,-0.006335151393801,-0.08707360763870627
-0.19889784618226708,-0.005794590832160216,-0.08719985101078238
-0.19886043584391513,-0.005252483592350757,-0.0873194396177974
-0.19882443033375125,-0.004708919382849459,-0.08743237153006606
-0.198789828291574,-0.004163987593494094,-0.08753864594009399
-0.19875662812540992,-0.003617777282192588,-0.08763826315331145
-0.19872482801427505,-0.003070377161842611,-0.08773122457868472
-0.19869442591095068,-0.0025218755874615957,-0.08781753271921462
-0.19866541954477046,-0.0019723605435272434,-0.08789719116232061
-0.1986378064244185,-0.0014219196315285792,-0.08797020457011737
-0.1986115838407371,-0.0008706400577274177,-0.08803657866958636
-0.19858674886954603,-0.0003186086211302165,-0.08809632024264637
-0.1985632983744695,0.0002340882983298874,-0.08814943711612552
-0.1985412290097711,0.0007873647514010765,-0.08819593815164098
-0.1985205372231959,0.001341135230911153,-0.08823583323538631
-0.198501219258821,0.0018953146829564474,-0.08826913326783321
-0.1984832711599097,0.002449818517881729,-0.08829585015334876
-0.19846668877177218,0.0030045626210515506,-0.08831599678973392
-0.1984514677446298,0.003559463363413441,-0.0883295870576832
-0.19843760353648532,0.004114437611853542,-0.08833663581017304
-0.1984250914159924,0.004669402739345203,-0.08833715886177913
-0.19841392646533176,0.005224276634891157,-0.08833117297792721
-0.1984041035830856,0.005778977713259932,-0.08831869586408025
-0.19839561748711612,0.006333424924517213,-0.08829974615486595
-0.19838846271744193,0.006887537763352867,-0.08827434340314647
-0.19838263363911662,0.007441236278204418,-0.08824250806903448
-0.19837812444510491,0.007994441080177803,-0.08820426150885832
-0.19837492915915772,0.00854707335176629,-0.08815962596407949
-0.19837304163868608,0.009099054855368402,-0.0881086245501653
-0.19837245557763192,0.00965030794160578,-0.08805128124541943
-0.1983731645093356,0.010200755557442081,-0.08798762087977423
-0.19837516180939982,0.010750321254103724,-0.08791766912354662
-0.19837844069854943,0.01129892919480365,-0.08784145247616106
-0.19838299424548683,0.011846504162269145,-0.08775899825484212
-0.19838881536974073,0.012392971566074799,-0.08767033458327973
-0.19839589684451037,0.012938257449781767,-0.08757549038027006
-0.1984042312995029,0.013482288497884465,-0.0874744953483332
-0.19841381122376373,0.014024992042565972,-0.08736737996231254
-0.19842462896849888,0.014566296070263161,-0.08725417545795727
-0.19843667674989102,0.015106129228043112,-0.08713491382049032
-0.198449946651906,0.01564442082979171,-0.08700962777316475
-0.1984644306290905,0.016181100862216143,-0.08687835076581168
-0.19848012050936084,0.016716099990662196,-0.08674111696338022
-0.19849700799678158,0.017249349564748044,-0.0865979612344745
-0.19851508467433443,0.017780781623815686,-0.08644891913988806
-0.1985343420066765,0.018310328902201384,-0.08629402692113908
-0.19855477134288668,0.01883792483432691,-0.0861333214890079
-0.19857636391920236,0.01936350355961226,-0.08596684041208047
-0.19859911086174142,0.01988699992721231,-0.08579462190529794
-0.198623003189215,0.02040834950057782,-0.08561670481851691
-0.1986480318156266,0.020927488561843097,-0.08543312862507994
-0.19867418755295638,0.021444354116041297,-0.08524393341040057
-0.19870146111383485,0.02195888389514925,-0.08504915986056447
-0.1987298431142014,0.02247101636196294,-0.08484884925094725
-0.19875932407594826,0.022980690713805617,-0.0846430434348529
-0.19878989442955086,0.02348784688606965,-0.08443178483217352
-0.1988215445166841,0.02399242555559425,-0.08421511641807303
-0.19885426459282143,0.024494368143879855,-0.0839930817116956
-0.1988880448298206,0.024993616820141732,-0.08376572476490252
-0.1989228753184927,0.025490114504203513,-0.08353309015103734
-0.19895874607115477,0.025983804869232744,-0.08329522295372203
-0.19899564702416783,0.026474632344320174,-0.08305216875568605
-0.1990335680404563,0.02696254211690395,-0.08280397362762934
-0.19907249891201184,0.027447480135040794,-0.08255068411712124
-0.19911242936237966,0.027929393109525566,-0.08229234723753752
-0.19915334904912751,0.028408228515860962,-0.08202901045703521
-0.19919524756629708,0.02888393459607887,-0.08176072168757001
-0.19923811444683692,0.02935646036041529,-0.08148752927395393
-0.19928193916501935,0.02982575558884041,-0.08120948198295783
-0.19932671113883593,0.03029177083244498,-0.08092662899245798
-0.19937241973237663,0.030754457414685733,-0.08063901988063031
-0.19941905425818937,0.031213767432490467,-0.08034670461519139
-0.19946660397962107,0.031669653757225025,-0.08004973354268898
-0.19951505811313894,0.032122070035523885,-0.07974815737784297
-0.19956440583063295,0.03257097068998561,-0.07944202719293844
-0.19961463626169845,0.03301631091973525,-0.0791313944072704
-0.19966573849589905,0.033458046700855525,-0.07881631077664408
-0.19971770158500982,0.03389613478668743,-0.07849682838292986
-0.19977051454524022,0.034330532708003694,-0.07817299962367477
-0.19982416635943717,0.034761198773054905,-0.077844877201771
-0.19987864597926694,0.035188092067491454,-0.07751251411518399
-0.19993394232737782,0.035611172454162274,-0.07717596364673912
-0.19999004429954106,0.03603040057279159,-0.07683527935397017
-0.20004694076677101,0.03644573783953672,-0.07649051505902815
-0.2001046205774259,0.03685714644642733,-0.07614172483865365
-0.20016307255928475,0.03726458936068824,-0.07578896301421263
-0.2002222855216066,0.03766803032394783,-0.07543228414179583
-0.2002822482571655,0.03806743385133274,-0.07507174300238441
-0.20034294954426626,0.038462765230451536,-0.07470739459208152
-0.20040437814873746,0.038853990520268576,-0.0743392941124095
-0.20046652282590338,0.039241076549869705,-0.07396749696067713
-0.20052937232253487,0.03962399091712082,-0.07359205872041309
-0.20059291537877744,0.040002701987222514,-0.07321303515186968
-0.20065714073005841,0.04037717889116057,-0.0728304821825966
-0.2007220371089721,0.040747391524055356,-0.07244445589808422
-0.20078759324714288,0.04111331054341067,-0.07205501253247922
-0.20085379787706661,0.041474907367264544,-0.07166220845937171
-0.20092063973393018,0.04183215417224308,-0.07126610018265404
-0.20098810755740779,0.04218502389151851,-0.07086674432745405
-0.2010561900934378,0.04253349021267453,-0.07046419763113995
-0.20112487609597388,0.042877527575478545,-0.07005851693440132
-0.20119415432871712,0.04321711116956378,-0.06964975917240322
-0.201264013566825,0.04355221693202241,-0.06923798136601596
-0.2013344425985972,0.043882821544911126,-0.06882324061312034
-0.20140543022714005,0.04420890243267054,-0.06840559407998896
-0.20147696527200942,0.04453043775946076,-0.06798509899274345
-0.2015490365708294,0.04484740642641327,-0.06756181262888956
-0.2016216329808912,0.04515978806880217,-0.06713579230892752
-0.20169474338072774,0.04546756305313496,-0.06670709538804225
-0.2017683566716671,0.04577071247416537,-0.06627577924786947
-0.20184246177936396,0.04606921815182875,-0.06584190128834078
-0.20191704765530735,0.046363062628102684,-0.06540551891960732
-0.20199210327830838,0.046652229163792774,-0.06496668955404182
-0.20206761765596368,0.046936701735246514,-0.06452547059831981
-0.2021435798260983,0.04721646503099583,-0.06408191944558012
-0.20221997885818616,0.047491504448329815,-0.06363609346766433
-0.20229680385474688,0.04776180608979933,-0.06318805000743645
-0.20237404395272257,0.048027356759654596,-0.06273784637118218
-0.20245168832483257,0.04828814396021747,-0.062285539821088004
-0.20252972618090392,0.048544155888189354,-0.061831187567800934
-0.20260814676918296,0.0487953814308967,-0.061374846763067606
-0.20268693937762264,0.04904181016247486,-0.06091657449245481
-0.20276609333514892,0.04928343233999186,-0.0604564277681499
-0.20284559801290605,0.049520238899513916,-0.05999446352184161
-0.2029254428254795,0.04975222145211304,-0.059530738597682105
-0.20300561723209629,0.04997937227981881,-0.059065309745329246
-0.20308611073780586,0.05020168433151544,-0.05859823361307016
-0.20316691289463865,0.0504191512187855,-0.0581295667410246
-0.2032480133027409,0.0506317672117011,-0.05765936555443009
-0.20332940161149213,0.050839527234564266,-0.057187686357007314
-0.20341106752059837,0.051042426861597996,-0.05671458532440653
-0.2034930007811654,0.05124046231258825,-0.056240118497734366
-0.20357519119675047,0.05143363044847936,-0.055764341777161816
-0.20365762862439304,0.05162192876692309,-0.05528731091561248
-0.20374030297562465,0.05180535539778305,-0.05480908151253139
-0.20382320421745836,0.051983909098595675,-0.054329709007734824
-0.203906322373356,0.05215758924998834,-0.05384924867533981
-0.20398964752417698,0.05232639585105695,-0.053367755617774675
-0.20407316980910423,0.0524903295147029,-0.052885284759869054
-0.20415687942655114,0.052649391462931384,-0.0524018908430248
-0.20424076663504798,0.05280358352211191,-0.05191762841946619
-0.2043248217541072,0.05295290811820215,-0.05143255184657024
-0.20440903516506925,0.05309736827193626,-0.05094671528127667
-0.20449339731192887,0.05323696759397869,-0.05046017267457715
-0.20457789870213985,0.05337171028004489,-0.04997297776608441
-0.2046625299074017,0.05350160110598945,-0.04948518407867955
-0.2047472815644253,0.053626645422863266,-0.048996844913239204
-0.20483214437567945,0.05374684915194043,-0.048508013343441285
-0.20491710911011835,0.053862218779716184,-0.04801874221064878
-0.2050021666038889,0.053972761352876555,-0.04752908411887228
-0.2050873077610199,0.05407848447324123,-0.04703909142981048
-0.2051725235540897,0.05417939629268018,-0.04654881625796865
-0.2052578050248787,0.054275505508005535,-0.04605831046585461
-0.20534314328499934,0.05436682135583877,-0.04556762565925212
-0.20542852951650928,0.05445335360745561,-0.04507681318257134
-0.20551395497250532,0.0545351125636084,-0.04458592411427636
-0.20559941097769954,0.05461210904932726,-0.044095009262388955
-0.20568488892897588,0.054684354408701244,-0.04360411916006887
-0.2057703802959296,0.054751860499640016,-0.043113304061270064
-0.20585587662138774,0.054814639688617287,-0.042622613936472944
-0.20594136952191314,0.054872704845396685,-0.04213209846849145
-0.20602685068828916,0.05492606933774114,-0.0416418070483558
-0.20611231188598644,0.05497474702610671,-0.041151788771269904
-0.20619774495561377,0.0550187522583213,-0.04066209243264325
-0.20628314181335086,0.05505809986424963,-0.04017276652419673
-0.20636849445136263,0.055092805150445096,-0.03968385923014296
-0.20645379493819788,0.05512288389478954,-0.039195418423439425
-0.2065390354191713,0.055148352341121275,-0.038707491662115345
-0.20662420811672702,0.05516922719385292,-0.03822012618567108
-0.2067093053307865,0.055185525612579216,-0.0377333689115501
-0.2067943194390797,0.05519726520667587,-0.0372472664316834
-0.20687924289746062,0.055204464029890314,-0.0367618650091052
-0.20696406824020472,0.05520714057492521,-0.03627721057464046
-0.20704878808029228,0.05520531376801501,-0.03579334872366344
-0.20713339510967463,0.05519900296349681,-0.03531032471292688
-0.20721788209952494,0.05518822793837631,-0.03482818345746155
-0.20730224190047325,0.055173008886889086,-0.03434696952754571
-0.20738646744282585,0.05515336641505841,-0.03386672714574427
-0.20747055173677062,0.05512932153525014,-0.03338750018401729
-0.20755448787256475,0.055100895660725374,-0.03290933216089672
-0.2076382690207098,0.05506811060019169,-0.03243226623873228
-0.20772188843211023,0.0550309885523535,-0.031956345221005086
-0.20780533943821797,0.05498955210046238,-0.03148161154970862
-0.2078886154511629,0.054943824206867976,-0.031008107302797558
-0.20797170996386763,0.05489382820757001,-0.03053587419170281
-0.2080546165501488,0.054839587806772325,-0.03006495355891363
-0.20813732886480452,0.0547811270714395,-0.029595386375625223
-0.20821984064368732,0.05471847042585639,-0.029127213239452276
-0.2083021457037628,0.05465164264619186,-0.028660474372207593
-0.20838423794315708,0.05458066885506658,-0.028195209617745687
-0.2084661113411866,0.054505574516125976,-0.027731458439870425
-0.2085477599583793,0.05442638542861929,-0.027269259920307192
-0.20862917793647873,0.054343127721983985,-0.026808652756737987
-0.20871035949843758,0.05425582785043778,-0.026349675260900113
-0.20879129894839754,0.05416451258757786,-0.02589236535674741
-0.20887199067165588,0.05406920902098783,-0.02543676057867368
-0.20895242913462025,0.05396994454685357,-0.02498289806979811
-0.20903260888475175,0.053866746864587964,-0.02453081458031208
-0.20911252455049367,0.053759643971465425,-0.024080546465887035
-0.20919217084118955,0.05364866415726638,-0.023632129686142707
-0.2092715425469904,0.05353383599893296,-0.023185599803175756
-0.20935063453874792,0.05341518835523536,-0.022740991980147836
-0.20942944176789682,0.053292750361450175,-0.022298340979933197
-0.20950795926632768,0.05316655142405125,-0.021857681163824933
-0.20958618214624464,0.05303662121541286,-0.021419046490299645
-0.20966410560001666,0.0529029896685266,-0.020982470513840088
-0.20974172490001314,0.05276568697173158,-0.020547986383815418
-0.20981903539843233,0.05262474356345922,-0.02011562684341835
-0.2098960325271174,0.052480190126992406,-0.019685424228659033
-0.20997271179736174,0.05233205758524009,-0.01925741046741504
-0.21004906879970542,0.05218037709552731,-0.01883161707853739
-0.21012509920372013,0.05202518004440133,-0.018408075171011444
-0.21020079875778439,0.05186649804245427,-0.01798681544317297
-0.21027616328884885,0.0517043629191627,-0.017567868181978558
-0.21035118870219266,0.0515388067177445,-0.017151263262329956
-0.2104258709811694,0.05136986169003368,-0.01673703014645196
-0.2105002061869428,0.05119756029137315,-0.016325197883323463
-0.21057419045821557,0.05102193517552625,-0.015915795108160886
-0.21064782001094745,0.050843019189607375,-0.015508850041954236
-0.21072109113806434,0.050660845369031676,-0.015104390491054434
-0.21079400020915887,0.05047544693248502,-0.014702443846812234
-0.21086654367018307,0.050286857276913566,-0.01430303708526798
-0.2109387180431311,0.050095109972534226,-0.013906196766891568
-0.21101051992571498,0.0499002387578661,-0.013511949036372563
-0.21108194599103128,0.04970227753478294,-0.013120319622459716
-0.2111529929872195,0.04950126036358732,-0.012731333837849591
-0.21122365773711405,0.04929722145810691,-0.012345016579123796
-0.2112939371378879,0.049090195180812715,-0.011961392326734302
-0.2113638281606862,0.04888021603796058,-0.0115804851450366
-0.21143332785025692,0.04866731867475504,-0.011202318682370035
-0.2115024333245702,0.04845153787053682,-0.01082691617118498
-0.2115711417744337,0.04823290853399414,-0.010454300428216438
-0.21163945046309732,0.04801146569839734,-0.010084493854703495
-0.21170735672585503,0.04778724451685847,-0.009717518436654273
-0.21177485796963727,0.04756028025761502,-0.009353395745155944
-0.21184195167259748,0.047330608299338536,-0.008992146936729343
-0.21190863538369337,0.04709826412646875,-0.00863379275372766
-0.2119749067222598,0.046863283324572375,-0.008278353524778884
-0.21204076337757682,0.046625701575728706,-0.00792584916527145
-0.2121062031084324,0.04638555465393993,-0.007576299177882755
-0.21217122374267702,0.04614287842056889,-0.007229722653150034
-0.21223582317677575,0.04589770881980249,-0.0068861382700830375
-0.21229999937535077,0.045650081874142406,-0.006545564296818319
-0.21236375037072258,0.04540003367992266,-0.006208018591314488
-0.2124270742624439,0.04514760040285429,-0.005873518602088089
-0.21248996921682697,0.044892818273597875,-0.005542081368989575
-0.21255243346646818,0.04463572358336366,-0.005213723524019041
-0.21261446530976802,0.04437635267953965,-0.0048884612921811805
-0.21267606311044407,0.04411474196134792,-0.004566310492379077
-0.21273722529704095,0.04385092787552949,-0.0042472865383464155
-0.2127979503624356,0.043584946912057804,-0.003931404439617571
-0.21285823686333755,0.043316835599881004,-0.0036186788025352576
-0.21291808341978607,0.04304663050269341,-0.003309123831295253
-0.21297748871464245,0.04277436821473613,-0.003002753329027686
-0.213036451493078,0.04250008535662759,-0.0026995806989145972
-0.21309497056205967,0.04222381857122302,-0.002399618945343216
-0.21315304478983055,0.041945604519504576,-0.0021028806750945667
-0.21321067310538686,0.04166547987650098,-0.001809378098566987
-0.21326785449795305,0.04138348132723762,-0.0015191230310340744
-0.21332458801645107,0.041099645562717065,-0.0012321268939366676
-0.21338087276896922,0.040814009275930145,-0.0009484007162084249
-0.21343670792222563,0.04052660915789774,-0.0006679551356345572
-0.2134920927010304,0.04023748189374349,-0.00039080040024329815
-0.2135470263877436,0.03994666415879773,-0.00011694636972966504
-0.2136015083217317,0.0396541926147324,0.00015359748308889996
-0.21365553789882072,0.03936010390572749,0.00042082207078544587
-0.21370911457074762,0.03906443465466897,0.000684718689805411
-0.2137622378446084,0.03876722145937831,0.0009452790189179311
-0.2138149072823041,0.038468500888874026,0.0012024951176369766
-0.21386712249998602,0.03816830947966485,0.0014563594246127477
-0.21391888316749738,0.03786668373207508,0.0017068647559937583
-0.21397018900781406,0.03756366010660216,0.001954004303760007
-0.21402103979648257,0.03725927502030656,0.0021977716340276874
-0.21407143536105727,0.036953564843233935,0.0024381606853258273
-0.2141213755805367,0.03664656589486998,0.0026751657668452992
-0.21417086038479619,0.03633831444062765,0.0029087815566606226
-0.21421988975402115,0.03602884668836756,0.0031390030999249355
-0.21426846371813935,0.035718198784950764,0.0033658258070386076
-0.2143165823562497,0.03540640681282468,0.003589245451791867
-0.21436424579605237,0.03509350678664203,0.0038092581694818897
-0.2144114542132775,0.03477953464991278,0.004025860455004708
-0.21445820783111275,0.034464526271689354,0.004239049160922435
-0.21450450691963002,0.03414851744328525,0.004448821495506129
-0.21455035179521223,0.033831543875026585,0.00465517502075475
-0.21459574281997884,0.03351364119303758,0.004858107650390634
-0.21464068040121137,0.033194844936059044,0.00505761764783188
-0.21468516499077925,0.03287519055230078,0.0052537036241419675
-0.2147291970845639,0.032554713396327276,0.005446364535957198
-0.2147727772218849,0.03223344872597746,0.005635599683392169
-0.21481590598492362,0.031911431699317754,0.005821408707923819
-0.21485858399814953,0.03158869737162912,0.006003791590254352
-0.2149008119277447,0.031265280692427885,0.006182748648153545
-0.21494259048102976,0.030941216502520377,0.006358280534280693
-0.21498392040588873,0.03061653953109159,0.006530388233986709
-0.21502480249019743,0.03029128439282745,0.006699073063096799
-0.21506523756124812,0.029965485585071533,0.006864336665673916
-0.21510522648517894,0.029639177485015135,0.007026181011763621
-0.21514477016640102,0.029312394346922094,0.007184608395120597
-0.21518386954702828,0.02898517029938708,0.007339621430917237
-0.2152225256063071,0.028657539342627977,0.007491223053434721
-0.2152607393600473,0.028329535345812652,0.007639416513736966
-0.21529851186005394,0.028001192044419584,0.0077842053773277894
-0.21533584419356147,0.0276725430376325,0.0079255935217917
-0.2153727374826669,0.02734362178576917,0.008063585134418771
-0.21540919288376623,0.027014461607744476,0.008198184709813847
-0.215445211586992,0.026685095678567177,0.00832939704749053
-0.21548079481565025,0.02635555702687112,0.008457227249450357
-0.2155159438256624,0.026025878532480184,0.008581680717747476
-0.21555065990500571,0.02569609292400754,0.008702763152039316
-0.21558494437315723,0.02536623277648895,0.008820480547123387
-0.2156187985805391,0.02503633050904978,0.008934839190460921
-0.21565222390796443,0.02470641838260635,0.00904584565968743
-0.21568522176608734,0.024376528497601038,0.00915350682011063
-0.21571779359485307,0.024046692791771424,0.009257829822196277
-0.21574994086295105,0.02371694303795333,0.009358822099042036
-0.2157816650672694,0.023387310841917683,0.009456491363839853
-0.21581296773235276,0.02305782764024125,0.009550845607327227
-0.21584385040986065,0.022728524698211194,0.009641893095227718
-0.21587431467803006,0.022399433107763315,0.009729642365680939
-0.21590436214113834,0.02207058378545402,0.009814102226662654
-0.2159339944289701,0.021742007470465886,0.009895281753395048
-0.21596321319628645,0.021413734722647064,0.009973190285747724
-0.21599202012229507,0.02108579592058385,0.0100478374256297
-0.2160204169101249,0.02075822125970706,0.010119233034372718
-0.21604840528630365,0.020431040750431596,0.010187387230106284
-0.2160759870002343,0.020104284216329506,0.010252310385124854
-0.21610316382368,0.019777981292336305,0.010314013123247314
-0.21612993755024748,0.01945216142299045,0.010372506317169267
-0.21615630999487445,0.019126853860706065,0.010427801085808363
-0.21618228299332085,0.018802087664078645,0.010479908791643143
-0.2162078584016621,0.018477891696223783,0.010528841038045567
-0.21623303809578534,0.018154294623148787,0.010574609666607723
-0.2162578239708896,0.01783132491215707,0.010617226754462947
-0.2162822179409878,0.01750901083028548,0.010656704611601646
-0.21630622193841273,0.017187380442773955,0.01069305577818244
-0.2163298379133262,0.01686646161156791,0.01072629302183848
-0.21635306783323102,0.01654628199385317,0.010756429334979702
-0.21637591368248701,0.01622686904062309,0.010783477932091102
-0.2163983774618288,0.01590824999527797,0.010807452247027487
-0.216420461187889,0.015590451892256645,0.010828365930304833
-0.21644216689272341,0.015273501555700167,0.01084623284638884
-0.2164634966233395,0.014957425598147346,0.010861067070980725
-0.21648445244122927,0.014642250419262136,0.010872882888300848
-0.21650503642190533,0.014328002204592738,0.010881694788370169
-0.21652525065443975,0.014014706924362417,0.010887517464290137
-0.21654509724100818,0.01370239033229155,0.010890365809521088
-0.21656457829643533,0.013391077964451279,0.010890254915159716
-0.2165836959477459,0.013080795138148246,0.0108872000672156
-0.21660245233371825,0.01277156695084051,0.010881216743887388
-0.21662084960444197,0.012463418279084433,0.010872320612838708
-0.2166388899208797,0.012156373777512407,0.010860527528474308
-0.21665657545443173,0.011850457877841258,0.010845853529216519
-0.21667390838650535,0.011545694787911346,0.010828314834782495
-0.21669089090808702,0.011242108490756048,0.010807927843462442
-0.2167075252193191,0.010939722743701495,0.010784709129399137
-0.2167238135290804,0.010638561077496597,0.010758675439868992
-0.21673975805457008,0.010338646795472993,0.01072984369256505
-0.21675536102089596,0.010040002972734913,0.010698230972882137
-0.21677062466066693,0.009742652455378774,0.010663854531204282
-0.21678555121358858,0.0094466178597424,0.010626731780195048
-0.2168001429260623,0.009151921571683538,0.010586880292090678
-0.21681440205079103,0.008858585745887798,0.010544317795996629
-0.21682833084638536,0.008566632305205634,0.010499062175187495
-0.2168419315769769,0.008276082940018316,0.01045113146441078
-0.21685520651183315,0.007986959107632632,0.010400543847194714
-0.2168681579249782,0.007699282031704346,0.01034731765316044
-0.21688078809481595,0.007413072701690034,0.010291471355338604
-0.21689309930375913,0.0071283518723272935,0.010233023567491019
-0.21690509383786077,0.006845140063142998,0.010171993041437202
-0.21691677398645065,0.006563457557989676,0.010108398664386408
-0.21692814204177538,0.006283324404609548,0.01004225945627513
-0.2169392002986435,0.006004760414226278,0.009973594567110566
-0.2169499510540734,0.005727785161164128,0.009902423274319986
-0.2169603966069464,0.005452417982494426,0.009828764980106684
-0.2169705392576629,0.005178677977709117,0.009752639208812202
-0.21698038130780414,0.004906584008421218,0.009674065604285666
-0.21698992505979656,0.00463615469809206,0.009593063927259894
-0.21699917281658132,0.004367408431785041,0.009509654052734929
-0.21700812688128787,0.004100363355945748,0.009423855967369034
-0.21701678955691092,0.003835037378208304,0.009335689766877429
-0.21702516314599235,0.003571448167227672,0.00924517565343897
-0.21703324995030696,0.0033096131525377818,0.00915233393311098
-0.21704105227055268,0.003049549524435295,0.009057185013252547
-0.2170485724060438,0.0027912742338887567,0.008959749399956371
-0.21705581265441043,0.0025348039924730182,0.008860047695489493
-0.21706277531129986,0.002280155272328667,0.008758100595742986
-0.21706946267008354,0.002027344306146325,0.008653928887690999
-0.21707587702156778,0.0017763870871755863,0.008547553446859164
-0.21708202065370813,0.001527299369258377,0.008438995234802737
-0.21708789585132865,0.0012800966668866038,0.00832827529659452
-0.2170935048958451,0.001034794255283814,0.00821541475832292
-0.21709885006499152,0.0007914071705107216,0.00810043482460022
-0.21710393363255281,0.0005499502095943603,0.007983356776081302
-0.21710875786809822,0.00031043793068068535,0.007864201966993023
-0.2171133250367219,7.288465321039875e-05,0.007742991822674382
-0.21711763739878695,-0.00016269554188220016,0.007619747837127768
-0.21712169720967178,-0.00039628881194754247,0.007494491570581323
-0.21712550671952316,-0.0006278815523765136,0.00736724464706269
-0.21712906817301103,-0.0008574603963337718,0.007238028751984389
-0.21713238380908884,-0.0010850122144688867,0.007106865629740826
-0.21713545586075678,-0.0013105241146054878,0.006973777081317191
-0.2171382865548308,-0.0015339834414086618,0.00683878496191055
-0.21714087811171326,-0.001755377776030786,0.00670191117856297
-0.21714323274516947,-0.0019746949357360307,0.006563177687807207
-0.21714535266210758,-0.002191922973503726,0.006422606493324852
-0.21714724006236183,-0.0024070501776108305,0.00628021964361723
-0.2171488971384811,-0.002620065071193712,0.006136039229689115
-0.21715032607552026,-0.0028309564117894336,0.005990087382745552
-0.2171515290508356,-0.003039713190856812,0.005842386271901751
-0.21715250823388474,-0.0032463246332773868,0.005692958101906322
-0.21715326578602945,-0.0034507801968366295,0.005541825110878012
-0.21715380386034389,-0.0036530695716854903,0.005389009568056002
-0.21715412460142489,-0.0038531826797826075,0.0052345337715639225
-0.21715423014520768,-0.004051109674317333,0.00507842004618781
-0.2171541226187839,-0.004246840939113807,0.004920690741167983
-0.21715380414022442,-0.0044403670880163474,0.004761368228005131
-0.2171532768184059,-0.004631678964256295,0.004600474898280622
-0.21715254275284085,-0.004820767639800619,0.004438033161491195
-0.21715160403351136,-0.005007624414682431,0.004274065442898221
-0.21715046274070648,-0.005192240816313731,0.0041085941813915105
-0.21714912094486383,-0.00537460859878046,0.0039416418273679355
-0.21714758070641407,-0.0055547197421202035,0.0037732308406248933
-0.21714584407562973,-0.005732566451582774,0.0036033836882687184
-0.21714391309247716,-0.005908141156873793,0.003432122842638201
-0.21714178978647272,-0.006081436511381574,0.003259470779243293
-0.21713947617654125,-0.0062524453913875375,0.0030854499747190872
-0.21713697427088,-0.00642116089526033,0.0029100829047952054
-0.21713428606682433,-0.006587576342633923,0.002733392042280646
-0.21713141355071755,-0.006751685273569881,0.002555399855064253
-0.21712835869778482,-0.0069134814477040405,0.002376128804130831
-0.2171251234720096,-0.0070729588433777815,0.0021956013415930426
-0.21712170982601406,-0.007230111656754219,0.002013839908739139
-0.21711811970094272,-0.007384934300919418,0.0018308669340966538
-0.21711435502634935,-0.00753742140496895,0.0016467048315120959
-0.2171104177200875,-0.007687567813079944,0.0014613759982467452
-0.2171063096882042,-0.007835368583568907,0.0012749028130886301
-0.21710203282483695,-0.007980818987935425,0.0010873076344807434
-0.2170975890121137,-0.008123914509892338,0.0008986127986655831
-0.21709298012005712,-0.008264650844381908,0.0007088406178460895
-0.21708820800649048,-0.008403023896579022,0.0005180133783630213
-0.21708327451694784,-0.00853902978088102,0.0003261533388888684
-0.21707818148458724,-0.00867266481988475,0.00013328272863833267
-0.21707293073010686,-0.008803925543350811,-6.0576254404547854e-05
-0.2170675240616641,-0.008932808687155408,-0.0002554014452425797
-0.2170619632747984,-0.009059311192229951,-0.0004511707136048476
-0.21705625015235636,-0.009183430203488614,-0.0006478619656693468
-0.21705038646442004,-0.009305163068744059,-0.0008454531457687702
-0.21704437396823817,-0.009424507337611604,-0.0010439222380793976
-0.21703821440816137,-0.009541460760402071,-0.0012432472682930517
-0.21703190951557896,-0.009656021287003384,-0.0014434063052720697
-0.21702546100885897,-0.009768187065751279,-0.001644377462687262
-0.21701887059329103,-0.009877956442289348,-0.0018461389006388185
-0.2170121399610331,-0.009985327958418543,-0.002048668827260115
-0.21700527079105983,-0.01009030035093636,-0.002251945500304423
-0.21699826474911305,-0.010192872550466059,-0.002455947228714444
-0.21699112348765795,-0.010293043680275955,-0.0026606523741746907
-0.21698384864583842,-0.01039081305508911,-0.0028660393526466583
-0.21697644184943737,-0.010486180179883604,-0.003072086635886766
-0.21696890471083868,-0.010579144748683605,-0.0032787727529470937
-0.21696123882899299,-0.010669706643341378,-0.0034860762916587972
-0.21695344578938405,-0.010757865932310678,-0.0036939759000983157
-0.216945527164,-0.010843622869411328,-0.0039024502880362533
-0.21693748451130485,-0.010926977892585652,-0.004111478228368963
-0.21692931937621493,-0.011007931622646686,-0.0043210385585328494
-0.2169210332900756,-0.011086484862018348,-0.004531110181901337
-0.21691262777064121,-0.011162638593468022,-0.004741672069164526
-0.2169041043220584,-0.011236393978831503,-0.0049527032596915445
-0.2168954644348504,-0.011307752357730676,-0.005164182862875551
-0.21688670958590428,-0.011376715246284032,-0.005376090059461489
-0.21687784123846088,-0.01144328433581031,-0.0055884041028564264
-0.21686886084210646,-0.011507461491525347,-0.00580110432042269
-0.21685976983276628,-0.011569248751232558,-0.006014170114753664
-0.21685056963270205,-0.011628648324006896,-0.006227580964932297
-0.21684126165050993,-0.011685662588872926,-0.00644131642777235
-0.21683184728112076,-0.011740294093476782,-0.006655356139042382
-0.21682232790580397,-0.011792545552752567,-0.006869679814672518
-0.21681270489217144,-0.011842419847583087,-0.007084267251943936
-0.21680297959418582,-0.011889920023455404,-0.00729909833066125
-0.2167931533521686,-0.011935049289111115,-0.007514153014307658
-0.2167832274928112,-0.011977811015191804,-0.007729411351182903
-0.21677320332918895,-0.012018208732879692,-0.007944853475524188
-0.21676308216077597,-0.012056246132533721,-0.008160459608609928
-0.2167528652734613,-0.012091927062321288,-0.00837621005984653
-0.2167425539395691,-0.01212525552684579,-0.008592085227837989
-0.21673214941787833,-0.012156235685770194,-0.008808065601438616
-0.21672165295364623,-0.012184871852436755,-0.009024131760788777
-0.216711065778632,-0.012211168492483193,-0.009240264378333637
-0.2167003891111237,-0.01223513022245529,-0.009456444219825106
-0.21668962415596615,-0.012256761808416384,-0.009672652145306873
-0.21667877210458983,-0.01227606816455365,-0.00988886911008268
-0.21666783413504342,-0.01229305435178157,-0.01010507616566782
-0.21665681141202597,-0.012307725576342642,-0.01032125446072392
-0.2166457050869221,-0.012320087188405531,-0.010537385241977091
-0.21663451629783823,-0.012330144680660899,-0.01075344985511941
-0.21662324616963996,-0.012337903686914965,-0.010969429745693864
-0.2166118958139927,-0.012343369980681081,-0.011185306459962806
-0.21660046632940108,-0.012346549473769472,-0.011401061645759943
-0.21658895880125265,-0.012347448214875252,-0.011616677053325893
-0.21657737430186097,-0.012346072388164936,-0.011832134536127447
-0.2165657138905119,-0.012342428311861586,-0.012047416051660499
-0.21655397861350908,-0.012336522436828775,-0.012262503662236796
-0.21654216950422273,-0.012328361345153594,-0.012477379535754509
-0.21653028758313997,-0.012317951748728724,-0.012692025946452662
-0.21651833385791414,-0.01230530048783378,-0.012906425275649598
-0.21650630932341766,-0.0122904145297162,-0.013120560012465476
-0.21649421496179602,-0.012273300967171703,-0.013334412754528768
-0.21648205174252091,-0.012253967017124568,-0.013547966208667014
-0.21646982062244757,-0.01223242001920773,-0.013761203191581802
-0.2164575225458711,-0.012208667434343094,-0.013974106630508062
-0.21644515844458495,-0.012182716843321995,-0.01418665956385764
-0.21643272923793996,-0.012154575945386078,-0.014398845141847503
-0.21642023583290493,-0.012124252556808709,-0.014610646627112357
-0.2164076791241286,-0.012091754609477038,-0.014822047395301857
-0.21639505999400171,-0.012057090149474906,-0.015033030935662555
-0.21638237931272125,-0.012020267335666761,-0.015243580851604595
-0.21636963793835445,-0.011981294438282603,-0.01545368086125322
-0.216356836716905,-0.01194017983750425,-0.015663314797985262
-0.2163439764823794,-0.011896932022052985,-0.01587246661095058
-0.21633105805685446,-0.011851559587778691,-0.016081120365578537
-0.21631808225054616,-0.01180407123625071,-0.016289260244069816
-0.21630504986187876,-0.011754475773350476,-0.016496870545873316
-0.21629196167755516,-0.011702782107866114,-0.016703935688148475
-0.21627881847262745,-0.01164899925008904,-0.01691044020621295
-0.2162656210105696,-0.011593136310412791,-0.017116368753975927
-0.21625237004334966,-0.011535202497934223,-0.01732170610435701
-0.2162390663115034,-0.0114752071190571,-0.01752643714969058
-0.21622571054420808,-0.011413159576098298,-0.017730546902116333
-0.2162123034593585,-0.011349069365896688,-0.017934020493955313
-0.21619884576364137,-0.01128294607842482,-0.018136843178072164
-0.2161853381526122,-0.011214799395403674,-0.01833900032822336
-0.21617178131077247,-0.011144639088920286,-0.01854047743939148
-0.21615817591164688,-0.011072475020048685,-0.018741260128105963
-0.21614452261786196,-0.010998317137474106,-0.018941334132750006
-0.21613082208122433,-0.010922175476120602,-0.019140685313853968
-0.21611707494280077,-0.010844060155782114,-0.019339299654375298
-0.21610328183299754,-0.010763981379757327,-0.01953716325996518
-0.21608944337164165,-0.010681949433488117,-0.019734262359221724
-0.2160755601680609,-0.010597974683201904,-0.019930583303930247
-0.2160616328211662,-0.010512067574557998,-0.020126112569290155
-0.2160476619195332,-0.010424238631298011,-0.020320836754129185
-0.21603364804148462,-0.010334498453900266,-0.020514742581104545
-0.21601959175517307,-0.010242857718238753,-0.020707816896891378
-0.21600549361866483,-0.010149327174246246,-0.02090004667235853
-0.21599135418002255,-0.010053917644581934,-0.021091419002731805
-0.21597717397739039,-0.009956640023303615,-0.021281921107744656
-0.2159629535390774,-0.009857505274544568,-0.021471540331776572
-0.215948693383643,-0.00975652443119518,-0.021660264143979296
-0.21593439401998127,-0.00965370859358936,-0.021848080138390603
-0.21592005594740687,-0.00954906892819592,-0.022034976034036494
-0.2159056796557408,-0.009442616666315014,-0.022220939675020916
-0.21589126562539568,-0.009334363102779615,-0.02240595903060403
-0.21587681432746234,-0.009224319594662233,-0.02259002219526861
-0.21586232622379603,-0.009112497559986924,-0.02277311738877479
-0.2158478017671028,-0.0089989084764466,-0.022955232956203293
-0.21583324140102675,-0.008883563880125848,-0.023136357367987286
-0.21581864556023675,-0.00876647536422921,-0.023316479219932913
-0.21580401467051338,-0.00864765457781514,-0.02349558723322855
-0.2157893491488364,-0.008527113224535548,-0.023673670254443148
-0.2157746494034721,-0.008404863061381204,-0.02385071725551334
-0.21575991583406118,-0.008280915897432847,-0.024026717333719815
-0.21574514883170548,-0.008155283592618285,-0.024201659711652914
-0.21573034877905714,-0.008027978056475468,-0.02437553373716758
-0.21571551605040454,-0.007899011246921496,-0.024548328883327645
-0.21570065101176178,-0.007768395169027796,-0.024720034748339684
-0.2156857540209556,-0.007636141873801574,-0.024890641055476725
-0.21567082542771387,-0.007502263456973316,-0.025060137652991466
-0.21565586557375283,-0.007366772057790722,-0.02522851451401942
-0.21564087479286612,-0.007229679857818929,-0.02539576173647227
-0.2156258534110117,-0.0070909990797472225,-0.02556186954292096
-0.21561080174639988,-0.006950741986202177,-0.025726828280469315
-0.21559572010958203,-0.006808920878567344,-0.025890628420617748
-0.21558060880353708,-0.006665548095809558,-0.026053260559117435
-0.21556546812376032,-0.006520636013311883,-0.02621471541581513
-0.2155502983583508,-0.006374197041713238,-0.02637498383448848
-0.21553509978809823,-0.006226243625754825,-0.02653405678267212
-0.21551987268657175,-0.00607678824313332,-0.026691925351474643
-0.2155046173202061,-0.005925843403360923,-0.026848580755386497
-0.21548933394838962,-0.005773421646632363,-0.027004014332079072
-0.2154740228235509,-0.005619535542698767,-0.027158217542194725
-0.21545868419124617,-0.005464197689748574,-0.027311181969128344
-0.21544331829024574,-0.005307420713295525,-0.02746289931880012
-0.21542792535262054,-0.005149217265073642,-0.027613361419419873
-0.21541250560382896,-0.004989600021939405,-0.027762560221243057
-0.2153970592628029,-0.004828581684781038,-0.027910487796318415
-0.2153815865420343,-0.004666174977435045,-0.028057136338227463
-0.21536608764765983,-0.004502392645609937,-0.02820249816181591
-0.2153505627795473,-0.004337247455817266,-0.028346565702917114
-0.21533501213138134,-0.004170752194309976,-0.028489331518067616
-0.21531943589074828,-0.004002919666028019,-0.028630788284215163
-0.2153038342392208,-0.0038337626935514455,-0.02877092879841864
-0.21528820735244292,-0.0036632941160608342,-0.028909745977541045
-0.21527255540021437,-0.003491526788305189,-0.02904723285793454
-0.215256878546574,-0.0033184735795772635,-0.029183382595118247
-0.21524117694988493,-0.0031441473726964188,-0.029318188463449264
-0.21522545076291738,-0.0029685610629989626,-0.02945164385578596
-0.21520970013293111,-0.0027917275573360557,-0.029583742283144625
-0.2151939252017598,-0.002613659773079152,-0.029714477374349138
-0.2151781261058927,-0.002434370637133058,-0.029843842875673605
-0.2151623029765573,-0.002253873084956586,-0.029971832650478817
-0.21514645593980147,-0.0020721800595908326,-0.03009844067884156
-0.21513058511657415,-0.0018893045106951195,-0.030223661057177754
-0.21511469062280786,-0.0017052593935905805,-0.03034748799785901
-0.21509877256949872,-0.0015200576683114513,-0.030469915828823076
-0.21508283106278767,-0.001333712298664045,-0.030590938993177934
-0.2150668662040398,-0.0011462362512934495,-0.03071055204879984
-0.21505087808992468,-0.0009576424947579481,-0.03082874966792558
-0.2150348668124965,-0.0007679439986111803,-0.030945526636738465
-0.21501883245927136,-0.0005771537324920571,-0.031060877854948717
-0.2150027751133079,-0.0003852846652224329,-0.031174798335368504
-0.21498669485328414,-0.00019234976391255512,-0.03128728320348058
-0.2149705917535761,1.6380069257152482e-06,-0.0313983276970023
-0.21495446588433514,0.00019666568625788402,-0.03150792716544356
-0.21493831731156463,0.000392720317398017,-0.03161607706965993
-0.21492214609719673,0.0005897889488721358,-0.03172277298140038
-0.21490595229916853,0.0007878586352738015,-0.031828010582849814
-0.21488973597149869,0.0009869164381119011,-0.031931785666166675
-0.21487349716436133,0.0011869494266506194,-0.032034094133015646
-0.21485723592416184,0.0013879446787415978,-0.03213493199409562
-0.21484095229361155,0.0015898892816482788,-0.03223429536866277
-0.21482464631180062,0.0017927703328624528,-0.03233218048404908
-0.214808318014273,0.0019965749409129752,-0.032428583675176405
-0.21479196743309806,0.002201290226166683,-0.03252350138406594
-0.2147755945969447,0.0024069033216215004,-0.03261693015934335
-0.21475919953115233,0.0026134013736917603,-0.032708866655739896
-0.21474278225780363,0.002820771542985703,-0.03279930763358895
-0.21472634279579458,0.003029001005075203,-0.03288824995831886
-0.21470988116090658,0.0032380769512576862,-0.03297569059994149
-0.21469339736587545,0.003447986589310286,-0.03306162663253709
-0.2146768914204623,0.003658717144236248,-0.03314605523373529
-0.2146603633315219,0.00387025585900352,-0.03322897368419213
-0.21464381310307257,0.004082589995275622,-0.03331037936706408
-0.21462724073636363,0.004295706834134799,-0.03339026976747761
-0.21461064622994358,0.004509593676797385,-0.03346864247199628
-0.21459402957972773,0.004724237845321472,-0.03354549516808345
-0.21457739077906496,0.0049396266833069075,-0.03362082564356263
-0.21456072981880328,0.00515574755658754,-0.03369463178607398
-0.21454404668735685,0.00537258785391581,-0.03376691158252795
-0.2145273413707712,0.005590134987639708,-0.033837663118555766
-0.2145106138527869,0.005808376394371999,-0.033906884577957194
-0.2144938641149057,0.006027299535651935,-0.033974574242144964
-0.21447709213645302,0.006246891898599224,-0.034040730489586966
-0.2144602978946418,0.00646714099656047,-0.03410535179524534
-0.2144434813646352,0.006688034369748056,-0.034168436730013026
-0.21442664251960886,0.006909559585871373,-0.03422998396014777
-0.21440978133081282,0.007131704240760608,-0.03428999224670372
-0.21439289776763307,0.007354455958982937,-0.0343484604449605
-0.2143759917976513,0.007577802394451214,-0.034405387503850055
-0.21435906338670688,0.007801731231025278,-0.03446077246538117
-0.21434211249895466,0.008026230183105661,-0.03451461446406193
-0.21432513909692558,0.008251286996219956,-0.034566912726320044
-0.21430814314158458,0.008476889447601733,-0.03461766656992103
-0.21429112459238914,0.008703025346762044,-0.03466687540338469
-0.2142740834073466,0.008929682536053609,-0.03471453872539941
-0.21425701954307172,0.00915684889122768,-0.03476065612423515
-0.21423993295484262,0.009384512321983464,-0.034805227277154044
-0.21422282359665756,0.009612660772510384,-0.03484825194981991
-0.2142056914212901,0.009841282222023054,-0.03488972999570578
-0.21418853638034416,0.010070364685288912,-0.03492966135550042
-0.21417135842430865,0.010299896213148774,-0.0349680460565128
-0.21415415750261088,0.010529864893030146,-0.03500488421207554
-0.21413693356367097,0.01076025884945336,-0.03504017602094694
-0.2141196865549538,0.010991066244530598,-0.03507392176671207
-0.21410241642302177,0.011222275278457854,-0.035106121817182194
-0.21408512311358746,0.011453874189999774,-0.03513677662379335
-0.21406780657156338,0.011685851256967483,-0.035165886721003965
-0.21405046674111425,0.011918194796689383,-0.03519345272569131
-0.2140331035657062,0.01215089316647502,-0.03521947533654721
-0.21401571698815766,0.01238393476407193,-0.03524395533347274
-0.21399830695068778,0.012617308028115674,-0.03526689357697229
-0.21398087339496527,0.012851001438572832,-0.035288291007546886
-0.21396341626215662,0.013085003517177295,-0.03530814864508666
-0.21394593549297405,0.013319302827859675,-0.035326467588262946
-0.21392843102772263,0.013553887977169934,-0.035343249013919775
-0.21391090280634711,0.013788747614693203,-0.035358494176464896
-0.2138933507684771,0.014023870433459028,-0.03537220440726019
-0.21387577485347384,0.014259245170343769,-0.0353843811140121
-0.21385817500047505,0.014494860606466403,-0.03539502578016124
-0.2138405511484388,0.0147307055675778,-0.035404139964272434
-0.21382290323618872,0.014966768924443217,-0.03541172529942383
-0.21380523120245612,0.015203039593218486,-0.035417783492596305
-0.2137875349859251,0.015439506535819502,-0.03542231632406272
-0.2137698145252728,0.015676158760285268,-0.03542532564677732
-0.2137520697592131,0.015912985321134554,-0.035426813385764554
-0.21373430062653767,0.01614997531971625,-0.0354267815375087
-0.2137165070661562,0.016387117904552988,-0.035425232169343346
-0.2136986890171386,0.016624402271678867,-0.035422167418840717
-0.2136808464187536,0.016861817664970594,-0.03541758949320163
-0.21366297921050856,0.01709935337647249,-0.03541150066864592
-0.21364508733218923,0.017336998746715217,-0.035403903289802446
-0.21362717072389711,0.017574743165028408,-0.035394799769100344
-0.21360922932608825,0.017812576069847035,-0.035384192586159956
-0.21359126307961115,0.018050486949011728,-0.03537208428718479
-0.2135732719257424,0.01828846534006307,-0.03535847748435381
-0.21355525580622536,0.018526500830529754,-0.035343374855214243
-0.21353721466330386,0.018764583058210868,-0.03532677914207501
-0.21351914843975947,0.01900270171145212,-0.03530869315140089
-0.21350105707894584,0.019240846529416163,-0.035289119753207344
-0.21348294052482372,0.01947900730234718,-0.035268061880456156
-0.21346479872199453,0.019717173871829446,-0.0352455225284517
-0.2134466316157351,0.019955336131040093,-0.035221504754238395
-0.21342843915202928,0.020193484024996353,-0.03519601167599844
-0.213410221277602,0.020431607550796784,-0.03516904647245103
-0.213391977939951,0.02066969675785703,-0.03514061238225261
-0.2133737090873787,0.02090774174813984,-0.035110712703397384
-0.213355414669023,0.021145732676379446,-0.03507935079261956
-0.21333709463488879,0.021383659750300488,-0.03504653006479655
-0.21331874893587777,0.021621513230831408,-0.03501225399235298
-0.21330037752381914,0.021859283432312224,-0.03497652610466625
-0.21328198035149806,0.02209696072269705,-0.034939349987473174
-0.213263557372685,0.022334535523751052,-0.03490072928227748
-0.21324510854216464,0.022571998311242163,-0.034860667685759315
-0.21322663381576365,0.022809339615127395,-0.0348191689491852
-0.21320813315037826,0.023046550019733936,-0.03477623687782009
-0.21318960650400165,0.02328362016393498,-0.03473187533034043
-0.21317105383575075,0.023520540741320244,-0.0346860882182484
-0.21315247510589191,0.02375730250036159,-0.0346388795052881
-0.21313387027586747,0.02399389624457326,-0.034590253206863
-0.21311523930832096,0.02423031283266719,-0.0345402133894548
-0.21309658216712202,0.0244665431787032,-0.03448876417004378
-0.2130778988173908,0.024702578252234257,-0.03443590971553096
-0.21305918922552214,0.0249384090784467,-0.03438165424216188
-0.21304045335921015,0.02517402673829564,-0.034326002014951465
-0.21302169118746983,0.02540942236863541,-0.03426895734711139
-0.21300290268066097,0.025644587162345203,-0.03421052459947842
-0.2129840878105105,0.02587951236844994,-0.034150708179944825
-0.21296524655013477,0.026114189292236332,-0.03408951254289047
-0.21294637887406026,0.026348609295364277,-0.03402694218861666
-0.21292748475824524,0.026582763795973536,-0.03396300166278173
-0.21290856418010054,0.026816644268785807,-0.03389769555583868
-0.2128896171185101,0.027050242245202184,-0.0338310285024743
-0.2128706435538508,0.02728354931339611,-0.0337630051810505
-0.21285164346801172,0.027516557118401678,-0.0336936303130474
-0.21283261684441343,0.027749257362197768,-0.03362290866250831
-0.2128135636680271,0.027981641803787337,-0.03355084503548694
-0.21279448392539255,0.028213702259272576,-0.03347744427949606
-0.2127753776046359,0.028445430601925722,-0.03340271128295854
-0.21275624469548796,0.028676818762255415,-0.03332665097466051
-0.2127370851893008,0.028907858728068923,-0.03324926832320616
-0.21271789907906458,0.02913854254453006,-0.033170568336475026
-0.2126986863594243,0.02936886231421288,-0.033090556061080974
-0.21267944702669578,0.02959881019715134,-0.03300923658183355
-0.21266018107888068,0.029828378410884596,-0.03292661502120137
-0.2126408885156829,0.030057559230498555,-0.032842696538777826
-0.2126215693385226,0.03028634498866331,-0.03275748633074864
-0.2126022235505513,0.030514728075666263,-0.032670989629361595
-0.2125828511566657,0.03074270093944158,-0.032583211702398945
-0.21256345216352204,0.030970256085595796,-0.03249415785265164
-0.21254402657954896,0.031197386077429324,-0.0324038334173957
-0.2125245744149609,0.03142408353595418,-0.032312243767871306
-0.21250509568177092,0.031650341139908035,-0.032219394308763624
-0.2124855903938025,0.03187615162576444,-0.032125290477686405
-0.21246605856670314,0.03210150778773915,-0.03202993774466742
-0.21244650021795392,0.0323264024777929,-0.03193334161163655
-0.2124269153668828,0.03255082860563075,-0.031835507611916246
-0.2124073040346746,0.03277477913869735,-0.03173644130971393
-0.21238766624438163,0.03299824710216909,-0.0316361482996171
-0.21236800202093495,0.033221225578942463,-0.03153463420609096
-0.21234831139115318,0.03344370770961877,-0.03143190468297795
-0.2123285943837529,0.033665686692486006,-0.03132796541300007
-0.21230885102935843,0.03388715578349646,-0.031222822107263366
-0.2122890813605099,0.03410810829624165,-0.031116480504765176
-0.2122692854116721,0.034328537601923545,-0.03100894637190344
-0.21224946321924365,0.03454843712932247,-0.030900225501988742
-0.21222961482156463,0.03476780036476199,-0.030790323714758445
-0.21220974025892392,0.034986620852070265,-0.030679246855893957
-0.21218983957356696,0.03520489219253825,-0.0305670007965396
-0.2121699128097035,0.03542260804487513,-0.03045359143282494
-0.21214996001351324,0.03563976212515994,-0.030339024685388637
-0.21212998123315338,0.035856348206790734,-0.030223306498905676
-0.21210997651876437,0.03607236012043033,-0.030106442841616517
-0.21208994592247607,0.03628779175394908,-0.02998843970485909
-0.2120698894984131,0.036502637052364666,-0.02986930310260316
-0.21204980730269998,0.03671689001777905,-0.02974903907098733
-0.21202969939346686,0.036930544709312715,-0.02962765366785852
-0.21200956583085406,0.037143595243035184,-0.029505152972314104
-0.21198940667701574,0.03735603579189374,-0.029381543084246706
-0.21196922199612556,0.03756786058563867,-0.02925683012389111
-0.2119490118543794,0.03777906391074595,-0.029131020231374292
-0.21192877631999898,0.037989640110337224,-0.02900411956626777
-0.21190851546323589,0.03819958358409685,-0.0288761343071425
-0.2118882293563747,0.038408888788186615,-0.02874707065112653
-0.21186791807373467,0.038617550235157685,-0.028616934813465316
-0.21184758169167384,0.03882556249385965,-0.02848573302708418
-0.2118272202885897,0.03903292018934749,-0.028353471542153976
-0.2118068339449226,0.039239618002785616,-0.028220156625658986
-0.21178642274315673,0.03944565067134966,-0.02808579456096765
-0.21176598676782152,0.03965101298812554,-0.027950391647405613
-0.2117455261054935,0.03985569980200643,-0.02781395419983183
-0.2117250408447964,0.040059706017586884,-0.02767648854821697
-0.21170453107640272,0.04026302659505507,-0.027538001037224518
-0.2116839968930341,0.040465656550082225,-0.027398498025794596
-0.21166343838946075,0.04066759095371006,-0.02725798588673042
-0.21164285566250213,0.04086882493223572,-0.027116471006287227
-0.21162224881102698,0.041069353667094806,-0.02697395978376407
-0.21160161793595186,0.041269172394741795,-0.02683045863109804
-0.21158096314024158,0.0414682764065284,-0.026685973972461387
-0.21156028452890724,0.04166666104857995,-0.026540512243861
-0.21153958220900534,0.041864321721669456,-0.026394079892740632
-0.2115188562896368,0.042061253881089715,-0.026246683377586014
-0.21149810688194493,0.042257453036523056,-0.026098329167532224
-0.21147733409911362,0.042452914751909564,-0.025949023741973866
-0.2114565380563649,0.04264763464531285,-0.02579877359017811
-0.21143571887095747,0.04284160838878391,-0.02564758521089984
-0.2114148766621829,0.043034831708223496,-0.02549546511200019
-0.211394011551364,0.04322730038324186,-0.025342419810066963
-0.21137312366185193,0.043419010247017095,-0.02518845583003826
-0.21135221311902194,0.043609957186151634,-0.025033579704828415
-0.211331280050271,0.043800137140526586,-0.024877797974956775
-0.21131032458501395,0.04398954610315451,-0.024721117188178984
-0.21128934685467898,0.04417818012003057,-0.024563543899120962
-0.21126834699270494,0.04436603528998157,-0.02440508466891549
-0.21124732513453592,0.04455310776451352,-0.024245746064841422
-0.21122628141761815,0.04473939374765738,-0.024085534659965633
-0.21120521598139366,0.04492488949581341,-0.023924457032787408
-0.21118412896729713,0.04510959131759351,-0.023762519766885638
-0.21116302051875044,0.04529349557366248,-0.02359972945056844
-0.21114189078115708,0.04547659867657685,-0.02343609267652559
-0.21112073990189714,0.04565889709062326,-0.02327161604148349
-0.21109956803032195,0.04584038733165426,-0.02310630614586266
-0.21107837531774823,0.046021065966923354,-0.022940169593437986
-0.21105716191745175,0.04620092961491843,-0.02277321299100145
-0.21103592798466186,0.04637997494519318,-0.02260544294802757
-0.21101467367655516,0.046558198678198076,-0.02243686607634131
-0.21099339915224863,0.04673559758510912,-0.022267488989788656
-0.21097210457279372,0.04691216848765546,-0.022097318303909742
-0.21095079010116932,0.04708790825794603,-0.02192636063561458
-0.21092945590227433,0.04726281381829431,-0.021754622602861415
-0.21090810214292152,0.04743688214104228,-0.021582110824337516
-0.21088672899182945,0.04761011024838265,-0.02140883191914263
-0.2108653366196154,0.04778249521218015,-0.021234792506474975
-0.2108439251987877,0.04795403415379168,-0.02105999920531987
-0.21082249490373825,0.048124724243884975,-0.020884458634140703
-0.21080104591073448,0.0482945627022562,-0.02070817741057256
-0.21077957839791137,0.048463546797646494,-0.020531162151118526
-0.21075809254526276,0.04863167384755733,-0.020353419470848302
-0.21073658853463365,0.04879894121806465,-0.020174955983099437
-0.21071506654971153,0.04896534632363229,-0.01999577829918111
-0.21069352677601774,0.049130886626923734,-0.01981589302808035
-0.21067196940089852,0.0492955596386135,-0.01963530677617079
-0.21065039461351615,0.04945936291719709,-0.019454026146923997
-0.2106288026048403,0.049622294068799984,-0.01927205774062313
-0.2106071935676383,0.049784350746985895,-0.019089408154079234
-0.21058556769646594,0.04994553065256388,-0.01890608398034995
-0.21056392518765824,0.05010583153339444,-0.018722091808460715
-0.2105422662393195,0.05026525118419498,-0.018537438223128335
-0.21052059105131374,0.050423787446344445,-0.01835212980448726
-0.21049889982525496,0.05058143820768642,-0.01816617312781787
-0.21047719276449756,0.05073820140233235,-0.017979574763277738
-0.21045547007412463,0.050894075010463266,-0.0177923412756349
-0.21043373196093948,0.05104905705813083,-0.017604479224003714
-0.21041197863345476,0.05120314561705797,-0.01741599516158325
-0.21039021030188162,0.05135633880443823,-0.01722689563539784
-0.21036842717811913,0.05150863478273463,-0.017037187186040255
-0.21034662947574406,0.05166003175947789,-0.016846876347417064
-0.21032481740999992,0.05181052798706385,-0.016655969646496613
-0.21030299119778542,0.051960121762550236,-0.016464473603059235
-0.21028115105764428,0.05210881142745278,-0.016272394729449836
-0.21025929720975334,0.052256595367540515,-0.01607973953033292
-0.21023742987591204,0.05240347201263078,-0.0158865145024498
-0.21021554927953087,0.05254943983638331,-0.01569272613437835
-0.21019365564561876,0.05269449735609414,-0.015498380906294996
-0.2101717492007732,0.052838643132488324,-0.015303485289739065
-0.21014983017316755,0.052981875769512625,-0.015108045747379369
-0.2101278987925395,0.05312419391412749,-0.014912068732783232
-0.21010595529017914,0.053265596256098564,-0.014715560690187632
-0.21008399989891707,0.05340608152778763,-0.014518528054272856
-0.2100620328531123,0.05354564850394304,-0.014320977249938254
-0.2100400543886403,0.053684296001489856,-0.014122914692080412
-0.21001806474288037,0.053822022879319455,-0.013924346785373435
-0.20999606415470376,0.053958828038078555,-0.013725279924051571
-0.2099740528644605,0.054094710419958045,-0.013525720491694107
-0.209952031113968,0.054229669008481425,-0.01332567486101246
-0.2099299991464973,0.05436370282829264,-0.01312514939363946
-0.20990795720676103,0.054496810944943706,-0.012924150439920923
-0.20988590554090072,0.05462899246468208,-0.012722684338709416
-0.20986384439647382,0.054760246534237514,-0.012520757417160095
-0.20984177402244028,0.054890572340608665,-0.012318375990528967
-0.20981969466915043,0.05501996911084951,-0.012115546361973133
-0.20979760658833096,0.055148436111855256,-0.011912274822353235
-0.2097755100330731,0.05527597265014819,-0.011708567650038176
-0.20975340525781788,0.055402578071663204,-0.011504431110711814
-0.20973129251834385,0.05552825176153294,-0.01129987145718195
-0.20970917207175355,0.05565299314387299,-0.011094894929191374
-0.20968704417645942,0.05577680168156659,-0.010889507753231022
-0.20966490909217136,0.055899676876049395,-0.010683716142355233
-0.20964276707988241,0.05602161826709391,-0.010477526295999203
-0.20962061840185534,0.056142625432593594,-0.010270944399798414
-0.20959846332160872,0.05626269798834734,-0.010063976625410195
-0.20957630210390357,0.056381835587843265,-0.00985662913033734
-0.20955413501472975,0.05650003792204241,-0.00964890805775379
-0.2095319623212908,0.05661730471916284,-0.009440819536332393
-0.20950978429199194,0.056733635744463114,-0.009232369680074628
-0.20948760119642418,0.05684903080002582,-0.009023564588142475
-0.20946541330535173,0.05696348972454109,-0.00881441034469219
-0.20944322089069706,0.05707701239309026,-0.008604913018710117
-0.2094210242255271,0.057189598716928865,-0.00839507866385058
-0.2093988235840393,0.057301248643270256,-0.00818491331827567
-0.209376619241546,0.05741196215506889,-0.007974423004497043
-0.20935441147446215,0.05752173927080346,-0.007763613729219672
-0.20933220056028956,0.05763058004426052,-0.007552491483187616
-0.20930998677760312,0.05773848456431769,-0.007341062241031667
-0.20928777040603613,0.05784545295472678,-0.007129331961118933
-0.20926555172626574,0.05795148537389748,-0.006917306585404454
-0.20924333101999862,0.05805658201468049,-0.006704992039284587
-0.20922110856995665,0.05816074310415134,-0.006492394231452393
-0.20919888465986156,0.05826396890339388,-0.006279519053754905
-0.20917665957442103,0.058366259707283694,-0.0060663723810522735
-0.20915443359931365,0.05846761584427194,-0.005852960071078758
-0.20913220702117416,0.05856803767616943,-0.0056392879643056655
-0.20910998012757892,0.058667525597930384,-0.005425361883806061
-0.20908775320703063,0.058766080037436316,-0.005211187635121359
-0.20906552654894475,0.05886370145528047,-0.004996771006129751
-0.20904330044363326,0.05896039034455222,-0.004782117766916466
-0.20902107518229032,0.05905614723062141,-0.004567233669645805
-0.2089988510569778,0.05915097267092322,-0.004352124448435027
-0.2089766283606097,0.05924486725474272,-0.004136795819230008
-0.20895440738693713,0.05933783160300032,-0.003921253479682664
-0.20893218843053418,0.05942986636803666,-0.003705503109030201
-0.208909971786782,0.059520972233398195,-0.0034895503679760478
-0.20888775775185395,0.05961114991362257,-0.0032734008985726214
-0.20886554662270107,0.0597004001540248,-0.0030570603241057803
-0.20884333869703667,0.0597887237304833,-0.0028405342489810346
-0.20882113427332127,0.059876121449226286,-0.002623828258611469
-0.20879893365074698,0.05996259414661815,-0.002406947919307379
-0.2087767371292232,0.060048142688946406,-0.002189898778167598
-0.20875454500936125,0.060132767972208824,-0.0019726863629725435
-0.20873235759245856,0.06021647092190084,-0.0017553161820789008
-0.20871017518048457,0.0602992524928031,-0.0015377937243160138
-0.2086879980760644,0.06038111366876965,-0.0013201244588839159
-0.20866582658246402,0.06046205546251594,-0.0011023138352530255
-0.20864366100357576,0.06054207891540747,-0.0008843672830654569
-0.20862150164390242,0.06062118509724873,-0.0006662902120379826
-0.20859934880854222,0.06069937510607242,-0.0004480880118666082
-0.20857720280317266,0.06077665006792907,-0.00022976605213275217
-0.20855506393403667,0.060853011136676474,-1.1329682211027344e-05
-0.2085329325079268,0.06092845949377067,0.00020721576882138894
-0.20851080883216966,0.06100299634805588,0.0004258649922738081
-0.20848869321461125,0.061076622935555665,0.0006446126999295126
-0.20846658596360063,0.061149340519264156,0.000863453624131682
-0.2084444873879757,0.06122115038893805,0.0010823825178677689
-0.2084223977970473,0.06129205386088836,0.001301394154852338
-0.2084003175005846,0.061362052277772874,0.0015204833296083768
-0.20837824680879874,0.061431147008389135,0.00173964485754709
-0.2083561860323287,0.06149933944746771,0.0019588735750461776
-0.20833413548222515,0.06156663101546593,0.002178164339526626
-0.2083120954699357,0.06163302315836159,0.0023975120295280004
-0.20829006630728908,0.06169851734744791,0.002616911544782276
-0.20826804830648013,0.061763115079128246,0.002836357806286169
-0.20824604178005549,0.06182681787471153,0.003055845756372042
-0.20822404704089634,0.061889627280207846,0.0032753703587773404
-0.20820206440220496,0.06195154486612502,0.0034949265987126044
-0.20818009417748834,0.062012572227265216,0.0037145094829280304
-0.2081581366805437,0.06207271098252202,0.003934114039778631
-0.20813619222544275,0.062131962774678265,0.004153735319287982
-0.20811426112651635,0.06219032927020387,0.0043733683932105655
-0.2080923436983404,0.06224781215905452,0.00459300835509272
-0.20807044025571939,0.06230441315447069,0.00481265032033222
-0.208048551113671,0.062360133992777504,0.005032289426236472
-0.20802667658741264,0.062414976433184194,0.005251920832079368
-0.20800481699234474,0.06246894225758517,0.005471539719156741
-0.20798297264403642,0.0625220332703607,0.00569114129084055
-0.2079611438582094,0.06257425129817842,0.005910720772631676
-0.20793933095072442,0.06262559818979606,0.00613027341221139
-0.2079175342375645,0.0626760758158631,0.006349794479491578
-0.20789575403482094,0.06272568606872432,0.006569279266663564
-0.20787399065867823,0.06277443086222333,0.006788723088245708
-0.20785224442539812,0.06282231213150659,0.007008121281129697
-0.20783051565130567,0.06286933183282838,0.007227469204625531
-0.2078088046527738,0.06291549194335602,0.0074467622405053144
-0.20778711174620815,0.06296079446097529,0.0076659957930457065
-0.20776543724803243,0.06300524140409672,0.007885165289069166
-0.20774378147467334,0.06304883481146296,0.008104266177983974
-0.2077221447425458,0.06309157674195578,0.008323293931822944
-0.20770052736803796,0.0631334692744039,0.008542244045281056
-0.20767892966749607,0.063174514507392,0.008761112035751722
-0.20765735195721044,0.06321471455906978,0.00897989344336194
-0.20763579455339945,0.06325407156696097,0.009198583831006257
-0.2076142577721961,0.06329258768777438,0.009417178784379459
-0.2075927419296324,0.06333026509721441,0.00963567391200821
-0.2075712473416252,0.06336710598979217,0.00985406484528145
-0.20754977432396035,0.06340311257863804,0.010072347238479617
-0.20752832319227993,0.06343828709531402,0.010290516768802768
-0.2075068942620657,0.06347263178962659,0.01050856913639755
-0.20748548784862622,0.06350614892944115,0.010726500064383037
-0.20746410426708103,0.06353884080049554,0.010944305298875377
-0.20744274383234632,0.06357070970621592,0.011161980609011475
-0.20742140685912153,0.06360175796753169,0.01137952178697142
-0.20740009366187293,0.0636319879226918,0.011596924647999858
-0.20737880455482127,0.06366140192708182,0.011814185030426375
-0.20735753985192584,0.0636900023530411,0.012031298795684634
-0.20733629986687102,0.06371779158968104,0.012248261828330593
-0.2073150849130515,0.06374477204270344,0.01246507003605955
-0.20729389530355818,0.06377094613421973,0.01268171934972218
-0.20727273135116367,0.0637963163025714,0.012898205723339573
-0.20725159336830887,0.06382088500215001,0.013114525134117101
-0.20723048166708785,0.0638446547032183,0.013330673582457427
-0.207209396559234,0.06386762789173257,0.013546647091972362
-0.20718833835610698,0.06388980706916446,0.01376244170949376
-0.20716730736867622,0.06391119475232412,0.013978053505083415
-0.20714630390751004,0.06393179347318455,0.01419347857204196
-0.20712532828275898,0.06395160577870491,0.01440871302691675
-0.20710438080414356,0.0639706342306562,0.014623753009508803
-0.20708346178093992,0.0639888814054467,0.014838594682878709
-0.20706257152196586,0.06400634989394824,0.015053234233351705
-0.2070417103355665,0.06402304230132304,0.015267667870521608
-0.20702087852960233,0.06403896124685157,0.01548189182725401
-0.20700007641143328,0.06405410936376042,0.01569590235968833
-0.20697930428790684,0.0640684892990514,0.015909695747239102
-0.20695856246534328,0.06408210371333108,0.016123268292596266
-0.206937851249523,0.06409495528064076,0.016336616321724468
-0.20691717094567233,0.06410704668828762,0.01654973618386164
-0.20689652185845017,0.06411838063667624,0.016762624251516502
-0.20687590429193498,0.06412895983914048,0.01697527692046524
-0.20685531854961106,0.0641387870217765,0.017187690609747355
-0.20683476493435524,0.06414786492327638,0.017399861761660567
-0.2068142437484236,0.06415619629476231,0.017611786841754788
-0.20679375529343869,0.06416378389962116,0.01782346233882545
-0.2067732998703758,0.0641706305133403,0.01803488476490571
-0.20675287777954976,0.06417673892334362,0.018246050655258004
-0.20673248932060231,0.06418211192882864,0.018456956568364706
-0.2067121347924895,0.06418675234060371,0.018667599085917915
-0.20669181449346752,0.06419066298092646,0.01887797481280845
-0.2066715287210807,0.06419384668334256,0.019088080377114073
-0.2066512777721482,0.06419630629252547,0.019297912430086828
-0.2066310619427514,0.06419804466411659,0.0195074676461396
-0.20661088152822135,0.06419906466456606,0.019716742722831908
-0.2065907368231258,0.06419936917097467,0.01992573438085489
-0.20657062812125657,0.0641989610709359,0.020134439364015492
-0.20655055571561695,0.06419784326237891,0.020342854439219894
-0.2065305198984094,0.06419601865341233,0.020550976396456262
-0.2065105209610229,0.0641934901621685,0.02075880204877657
-0.20649055919402037,0.06419026071664864,0.020966328232277717
-0.2064706348871265,0.06418633325456811,0.021173551806082092
-0.206450748329216,0.0641817107232035,0.021380469652317102
-0.20643089980829998,0.06417639607923918,0.021587078676094256
-0.2064110896115151,0.06417039228861524,0.021793375805487222
-0.2063913180251109,0.06416370232637586,0.02199935799150946
-0.20637158533443745,0.06415632917651866,0.022205022208090966
-0.20635189182393399,0.06414827583184438,0.02241036545205439
-0.20633223777711637,0.06413954529380755,0.022615384743090362
-0.20631262347656557,0.06413014057236731,0.0228200771237323
-0.20629304920391578,0.06412006468583972,0.02302443965933038
-0.2062735152398423,0.06410932066074998,0.02322846943802485
-0.20625402186405054,0.06409791153168617,0.023432163570718718
-0.20623456935526377,0.06408584034115287,0.023635519191049822
-0.20621515799121168,0.06407311013942592,0.023838533455362118
-0.20619578804861863,0.06405972398440772,0.024041203542676415
-0.20617645980319277,0.06404568494148337,0.024243526654660463
-0.20615717352961407,0.06403099608337727,0.024445500015598334
-0.20613792950152354,0.06401566049001065,0.02464712087235921
-0.20611872799151162,0.06399968124835961,0.02484838649436564
-0.20609956927110676,0.06398306145231385,0.02504929417356092
-0.20608045361076435,0.0639658042025363,0.025249841224376186
-0.2060613812798562,0.06394791260632324,0.02545002498369674
-0.20604235254665895,0.06392938977746518,0.0256498428108277
-0.20602336767834353,0.06391023883610847,0.02584929208745919
-0.20600442694096383,0.06389046290861748,0.026048370217630894
-0.20598553059944594,0.06387006512743762,0.02624707462769601
-0.20596667891757775,0.06384904863095872,0.026445402766284654
-0.205947872157998,0.06382741656337972,0.026643352104266743
-0.20592911058218594,0.06380517207457356,0.02684092013471416
-0.20591039445044995,0.06378231831995267,0.027038104372862543
-0.20589172402191838,0.0637588584603355,0.027234902356072493
-0.20587309955452787,0.06373479566181363,0.02743131164378999
-0.20585452130501344,0.06371013309561971,0.02762732981750667
-0.20583598952889895,0.06368487393799549,0.0278229544807193
-0.2058175044804858,0.0636590213700614,0.028018183258888732
-0.2057990664128431,0.06363257857768563,0.028213013799398515
-0.20578067557779778,0.06360554875135604,0.02840744377151279
-0.20576233222592447,0.06357793508604964,0.02860147086633375
-0.2057440366065354,0.06354974078110588,0.028795092796758688
-0.20572578896767105,0.06352096904009842,0.028988307297436327
-0.2057075895560895,0.0634916230707088,0.02918111212472292
-0.2056894386172574,0.06346170608459986,0.029373505056637644
-0.20567133639534024,0.06343122129729095,0.029565483892817743
-0.2056532831331923,0.06340017192803293,0.029757046454472778
-0.20563527907234747,0.06336856119968436,0.029948190584338983
-0.20561732445300981,0.06333639233858775,0.030138914146632643
-0.20559941951404367,0.0633036685744472,0.030329215027003444
-0.2055815644929654,0.06327039314020654,0.03051909113248683
-0.2055637596259329,0.06323656927192758,0.03070854039145652
-0.20554600514773705,0.06320220020867001,0.030897560753576088
-0.205528301291793,0.06316728919237118,0.031086150189750354
-0.20551064829013033,0.06313183946772692,0.031274306692076495
-0.20549304637338442,0.06309585428207276,0.031462028273794226
-0.2054754957707879,0.06305933688526612,0.03164931296923601
-0.20545799671016116,0.06302229052956941,0.03183615883377659
-0.2054405494179043,0.06298471846953294,0.03202256394378249
-0.2054231541189879,0.06294662396187917,0.03220852639656034
-0.2054058110369447,0.06290801026538755,0.03239404431030586
-0.2053885203938612,0.06286888064078017,0.03257911582405144
-0.2053712824103686,0.06282923835060762,0.03276373909761397
-0.2053540973056352,0.06278908665913563,0.03294791231154209
-0.20533696529735768,0.06274842883223272,0.03313163366706286
-0.20531988660175254,0.06270726813725867,0.03331490138602848
-0.20530286143354887,0.06266560784295246,0.03349771371086215
-0.2052858900059791,0.06262345121932236,0.03368006890450412
-0.2052689725307717,0.062580801537536,0.03386196525035668
-0.20525210921814296,0.06253766206981076,0.03404340105222944
-0.20523530027679032,0.0624940360893056,0.034224374634283836
-0.20521854591388206,0.06244992687001307,0.034404884340977555
-0.2052018463350518,0.062405337686651664,0.034584928537008564
-0.20518520174438992,0.062360271814559755,0.03476450560725847
-0.20516861234443598,0.062314732529589544,0.0349436139567361
-0.20515207833617186,0.062268723108001564,0.035122252010520244
-0.20513559991901356,0.062222246826359975,0.03530041821370244
-0.205119177290804,0.06217530696142916,0.0354781110313291
-0.20510281064780594,0.062127906790069846,0.0356553289483438
-0.20508650018469468,0.06208004958913654,0.03583207046952871
-0.20507024609455107,0.06203173863537566,0.036008334119446095
-0.20505404856885454,0.061982977205323975,0.036184118442379266
-0.20503790779747555,0.061933768575208194,0.03635942200227351
-0.20502182396866933,0.061884116020844405,0.03653424338267644
-0.20500579726906884,0.061834022817539074,0.0367085811866783
-0.20498982788367776,0.06178349223999005,0.036882434036851736
-0.20497391599586418,0.061732527562188375,0.037055800575191575
-0.20495806178735418,0.06168113205732097,0.03722867946305408
-0.20494226543822416,0.06162930899767337,0.037401069381095955
-0.20492652712689566,0.06157706165453408,0.03757296902921326
-0.2049108470301286,0.06152439329809842,0.03774437712647996
-0.2048952253230148,0.06147130719737375,0.037915292411085995
-0.20487966217897166,0.06141780662008523,0.03808571364027564
-0.2048641577697365,0.061363894832582075,0.03825563959028495
-0.2048487122653602,0.061309575099744516,0.038425069056279536
-0.20483332583420086,0.0612548506848911,0.03859400085229159
-0.20481799864291822,0.061199724849687304,0.03876243381115724
-0.20480273085646836,0.06114420085405383,0.038930366784452955
-0.2047875226380967,0.06108828195607674,0.039097798642432534
-0.20477237414933336,0.0610319714119169,0.03926472827396304
-0.20475728554998707,0.06097527247572089,0.03943115458646126
-0.20474225699813936,0.06091818839953243,0.039597076505829436
-0.20472728865013987,0.06086072243320409,0.03976249297639093
-0.20471238066060038,0.06080287782430982,0.0399274029608257
-0.20469753318238962,0.060744657818058434,0.04009180544010562
-0.20468274636662795,0.060686065657206925,0.04025569941342941
-0.20466802036268247,0.06062710458197521,0.04041908389815775
-0.20465335531816162,0.060567777829961235,0.040581957929747545
-0.20463875137891013,0.06050808863605597,0.04074432056168674
-0.20462420868900466,0.06044804023236032,0.04090617086542837
-0.20460972739074798,0.06038763584810132,0.041067507930324716
-0.20459530762466524,0.060326878709549975,0.04122833086356129
-0.20458094952949835,0.060265772039939464,0.041388638790090415
-0.20456665324220166,0.060204319059383324,0.04154843085256479
-0.20455241889793813,0.06014252298479489,0.04170770621127087
-0.2045382466300734,0.060080387029806996,0.04186646404406228
-0.20452413657017263,0.060017914404692695,0.04202470354629253
-0.20451008884799524,0.059955108316286115,0.04218242393074801
-0.20449610359149184,0.05989197196790406,0.04233962442758091
-0.2044821809267986,0.059828508559268107,0.04249630428424147
-0.20446832097823422,0.05976472128642777,0.04265246276541062
-0.20445452386829538,0.0597006133416834,0.04280809915293217
-0.20444078971765334,0.05963618791351088,0.04296321274574494
-0.2044271186451492,0.05957144818648545,0.04311780285981462
-0.2044135107677906,0.05950639734120715,0.043271868828065906
-0.20439996620074796,0.059441038554226736,0.04342541000031392
-0.2043864850573509,0.05937537499797178,0.04357842574319601
-0.2043730674490849,0.05930940984067373,0.04373091544010303
-0.2043597134855868,0.05924314624629512,0.04388287849111077
-0.20434642327464225,0.05917658737445788,0.04403431431291116
-0.2043331969221826,0.05910973638037199,0.0441852223387432
-0.20432003453228045,0.05904259641476445,0.044335602018324205
-0.20430693620714738,0.05897517062380909,0.04448545281778053
-0.20429390204713066,0.058907462149057184,0.04463477421957815
-0.20428093215071022,0.0588394741273679,0.04478356572245366
-0.20426802661449533,0.05877120969084027,0.04493182684134443
-0.2042551855332222,0.0587026719667449,0.04507955710731952
-0.2042424089997504,0.058633864077456736,0.045226756067509526
-0.20422969710506103,0.058564789140387985,0.04537342328503726
-0.20421704993825318,0.05849545026792231,0.04551955833894756
-0.20420446758654198,0.0584258505673483,0.045665160824137685
-0.20419195013525568,0.05835599314079558,0.04581023035128702
-0.20419182528877386,0.05835529327549665,0.045811678353843185
-0.2041917004487905,0.05835459338473793,0.045813126303065686
-0.20419157561530574,0.05835389346852255,0.04581457419895416
-0.20419145078831966,0.058353193526853586,0.045816022041508246
-0.20419132596783227,0.05835249355973413,0.04581746983072757
-0.20419120115384368,0.05835179356716729,0.04581891756661177
-0.204191076346354,0.058351093549156144,0.045820365249160486
-0.20419095154536332,0.05835039350570379,0.04582181287837334
-0.20419082675087166,0.05834969343681332,0.04582326045424999
-0.2041907019628792,0.05834899334248786,0.04582470797679006
-0.20419057718138592,0.05834829322273046,0.04582615544599317
-0.20419045240639194,0.05834759307754423,0.04582760286185899
-0.20419032763789738,0.05834689290693227,0.04582905022438712
-0.20419020287590228,0.058346192710897665,0.04583049753357722
-0.20419007812040676,0.058345492489443505,0.045831944789428924
-0.20418995337141085,0.0583447922425729,0.04583339199194186
-0.2041898286289147,0.058344091970288926,0.04583483914111567
-0.2041897038929183,0.05834339167259469,0.045836286236949984
-0.2041895791634218,0.05834269134949328,0.04583773327944445
-0.20418945444042527,0.05834199100098779,0.0458391802685987
-0.2041893297239288,0.058341290627081314,0.04584062720441237
-0.20418920501393245,0.058340590227776934,0.04584207408688509
-0.2041890803104363,0.05833988980307774,0.04584352091601651
-0.2041889556134405,0.058339189352986855,0.04584496769180627
-0.20418883092294504,0.05833848887750735,0.045846414414253994
-0.20418870623895002,0.05833778837664232,0.04584786108335933
-0.20418858156145558,0.05833708785039487,0.04584930769912192
-0.20418845689046175,0.05833638729876806,0.04585075426154139
-0.2041883322259686,0.05833568672176503,0.045852200770617385
-0.20418820756797626,0.05833498611938884,0.04585364722634954
-0.2041880829164848,0.05833428549164259,0.0458550936287375
-0.20418795827149425,0.05833358483852937,0.0458565399777809
-0.20418783363300474,0.058332884160052285,0.04585798627347938
-0.20418770900101635,0.058332183456214416,0.045859432515832584
-0.20418758437552917,0.05833148272701886,0.045860878704840145
-0.20418745975654323,0.0583307819724687,0.0458623248405017
-0.2041873351440587,0.05833008119256705,0.04586377092281689
-0.2041872105380756,0.058329380387316984,0.045865216951785366
-0.204187085938594,0.0583286795567216,0.04586666292740676
-0.20418696134561404,0.058327978700783975,0.04586810884968071
-0.20418683675913574,0.05832727781950722,0.04586955471860686
-0.2041867121791592,0.05832657691289443,0.04587100053418486
-0.20418658760568456,0.05832587598094869,0.04587244629641433
-0.2041864630387118,0.0583251750236731,0.045873892005294924
-0.20418633847824105,0.058324474041070724,0.04587533766082628
-0.20418621392427244,0.05832377303314468,0.04587678326300803
-0.204186089376806,0.05832307199989805,0.04587822881183984
-0.20418596483584178,0.058322370941333926,0.04587967430732133
-0.20418584030137993,0.05832166985745541,0.045881119749452144
-0.20418571577342048,0.05832096874826559,0.045882565138231926
-0.20418559125196356,0.058320267613767546,0.04588401047366032
-0.20418546673700919,0.05831956645396439,0.04588545575573698
-0.20418534222855753,0.05831886526885919,0.04588690098446153
-0.20418521772660858,0.05831816405845506,0.045888346159833615
-0.20418509323116246,0.05831746282275507,0.04588979128185288
-0.20418496874221925,0.058316761561762326,0.04589123635051898
-0.20418484425977906,0.058316060275479906,0.045892681365831536
-0.20418471978384195,0.05831535896391092,0.045894126327790205
-0.20418459531440797,0.05831465762705846,0.04589557123639463
-0.20418447085147723,0.05831395626492558,0.04589701609164445
-0.20418434639504981,0.058313254877515416,0.0458984608935393
-0.2041842219451258,0.05831255346483104,0.04589990564207884
-0.20418409750170524,0.058311852026875534,0.045901350337262704
-0.20418397306478825,0.058311150563652006,0.04590279497909055
-0.20418384863437491,0.05831044907516354,0.045904239567562
-0.2041837242104653,0.05830974756141323,0.04590568410267671
-0.2041835997930595,0.058309046022404165,0.04590712858443433
-0.20418347538215756,0.05830834445813943,0.0459085730128345
-0.2041833509777596,0.05830764286862211,0.04591001738787686
-0.20418322657986573,0.05830694125385532,0.045911461709561056
-0.20418310218847596,0.058306239613842126,0.04591290597788674
-0.20418297780359038,0.05830553794858564,0.045914350192853545
-0.20418285342520912,0.058304836258088924,0.04591579435446114
-0.2041827290533322,0.0583041345423551,0.04591723846270915
-0.20418260468795976,0.05830343280138723,0.04591868251759722
-0.20418248032909186,0.058302731035188425,0.045920126519125
-0.20418235597672857,0.05830202924376177,0.04592157046729214
-0.20418223163086996,0.058301327427110354,0.04592301436209828
-0.20418210729151612,0.05830062558523727,0.04592445820354307
-0.20418198295866716,0.0582999237181456,0.04592590199162616
-0.20418185863232316,0.05829922182583843,0.0459273457263472
-0.20418173431248415,0.05829851990831887,0.04592878940770582
-0.20418160999915025,0.05829781796559001,0.04593023303570168
-0.20418148569232156,0.05829711599765492,0.04593167661033442
-0.2041813613919981,0.0582964140045167,0.045933120131603694
-0.20418123709818004,0.05829571198617844,0.045934563599509155
-0.20418111281086737,0.05829500994264322,0.04593600701405044
-0.2041809885300602,0.058294307873914146,0.045937450375227194
-0.20418086425575863,0.05829360577999429,0.04593889368303907
-0.20418073998796274,0.058292903660886755,0.045940336937485726
-0.20418061572667257,0.058292201516594616,0.04594178013856679
-0.20418049147188824,0.058291499347120995,0.04594322328628193
-0.20418036722360985,0.05829079715246894,0.04594466638063077
-0.20418024298183743,0.058290094932641555,0.04594610942161298
-0.2041801187465711,0.05828939268764195,0.0459475524092282
-0.2041799945178109,0.058288690417473206,0.04594899534347609
-0.20417987029555698,0.058287988122138396,0.04595043822435629
-0.20417974607980935,0.058287285801640616,0.04595188105186844
-0.2041796218705681,0.058286583455982956,0.04595332382601221
-0.20417949766783333,0.058285881085168516,0.04595476654678723
-0.2041793734716051,0.05828517868920038,0.045956209214193154
-0.20417924928188355,0.05828447626808161,0.04595765182822964
-0.2041791250986687,0.05828377382181533,0.045959094388896345
-0.20417900092196065,0.05828307135040461,0.045960536896192894
-0.20417887675175944,0.05828236885385255,0.04596197935011896
-0.20417875258806523,0.05828166633216223,0.04596342175067419
-0.20417862843087806,0.05828096378533673,0.04596486409785822
-0.20417850428019796,0.05828026121337916,0.04596630639167072
-0.20417838013602513,0.05827955861629259,0.04596774863211134
-0.20417825599835954,0.05827885599408013,0.04596919081917972
-0.20417813186720135,0.05827815334674485,0.045970632952875505
-0.2041780077425506,0.05827745067428984,0.04597207503319836
-0.2041778836244074,0.05827674797671819,0.045973517060147934
-0.20417775951277173,0.058276045254032995,0.04597495903372388
-0.20417763540764378,0.05827534250623735,0.04597640095392584
-0.20417751130902356,0.05827463973333433,0.045977842820753484
-0.2041773872169112,0.05827393693532702,0.045979284634206447
-0.20417726313130674,0.05827323411221851,0.045980726394284396
-0.2041771390522103,0.05827253126401191,0.04598216810098697
-0.20417701497962196,0.05827182839071028,0.04598360975431383
-0.2041768909135418,0.058271125492316715,0.045985051354264624
-0.20417676685396988,0.0582704225688343,0.045986492900839004
-0.20417664280090625,0.058269719620266135,0.04598793439403663
-0.20417651875435106,0.058269016646615296,0.04598937583385715
-0.20417639471430432,0.05826831364788487,0.045990817220300226
-0.20417627068076621,0.058267610624077947,0.0459922585533655
-0.20417614665373668,0.05826690757519763,0.04599369983305263
-0.2041760226332159,0.05826620450124698,0.045995141059361276
-0.20417589861920396,0.058265501402229115,0.04599658223229108
-0.2041757746117009,0.0582647982781471,0.04599802335184171
-0.20417565061070678,0.058264095129004025,0.045999464418012816
-0.20417552661622174,0.05826339195480298,0.04600090543080405
-0.2041754026282458,0.058262688755547055,0.04600234639021506
-0.2041752786467791,0.05826198553123933,0.04600378729624552
-0.20417515467182162,0.058261282281882903,0.046005228148895065
-0.2041750307033735,0.05826057900748085,0.04600666894816336
-0.20417490674143488,0.05825987570803628,0.04600810969405006
-0.20417478278600576,0.05825917238355226,0.04600955038655481
-0.20417465883708624,0.058258469034031875,0.04601099102567729
-0.2041745348946764,0.05825776565947822,0.04601243161141713
-0.20417441095877636,0.05825706225989437,0.046013872143774
-0.20417428702938617,0.05825635883528342,0.04601531262274755
-0.20417416310650588,0.05825565538564846,0.046016753048337446
-0.20417403919013558,0.05825495191099258,0.04601819342054333
-0.20417391528027543,0.058254248411318856,0.046019633739364865
-0.20417379137692537,0.05825354488663038,0.04602107400480171
-0.20417366748008559,0.05825284133693023,0.04602251421685353
-0.20417354358975615,0.05825213776222152,0.04602395437551997
-0.20417341970593708,0.058251434162507304,0.04602539448080069
-0.2041732958286285,0.05825073053779068,0.04602683453269534
-0.20417317195783052,0.058250026888074735,0.04602827453120359
-0.20417304809354314,0.058249323213362555,0.0460297144763251
-0.20417292423576652,0.058248619513657236,0.046031154368059504
-0.20417280038450067,0.05824791578896185,0.046032594206406485
-0.20417267653974572,0.05824721203927948,0.04603403399136569
-0.2041725527015017,0.058246508264613236,0.04603547372293679
-0.20417242886976872,0.058245804464966175,0.04603691340111942
-0.2041723050445469,0.058245100640341406,0.046038353025913255
-0.20417218122583625,0.05824439679074201,0.04603979259731795
-0.20417205741363692,0.05824369291617105,0.046041232115333175
-0.2041719336079489,0.05824298901663165,0.04604267157995857
-0.20417180980877236,0.05824228509212687,0.04604411099119381
-0.2041716860161073,0.0582415811426598,0.04604555034903854
-0.20417156222995383,0.05824087716823352,0.04604698965349243
-0.20417143845031208,0.05824017316885113,0.046048428904555135
-0.20417131467718208,0.05823946914451571,0.046049868102226325
-0.20417119091056393,0.05823876509523034,0.04605130724650565
-0.20417106715045769,0.05823806102099811,0.046052746337392765
-0.2041709433968634,0.0582373569218221,0.04605418537488734
-0.2041708196497812,0.0582366527977054,0.046055624358989036
-0.2041706959092112,0.058235948648651094,0.04605706328969752
-0.20417057217515336,0.058235244474662266,0.04605850216701243
-0.20417044844760787,0.05823454027574199,0.04605994099093344
-0.20417032472657476,0.058233836051893376,0.04606137976146022
-0.20417020101205413,0.0582331318031195,0.04606281847859241
-0.20417007730404604,0.058232427529423446,0.04606425714232969
-0.2041699536025506,0.05823172323080828,0.04606569575267172
-0.20416982990756788,0.058231018907277124,0.04606713430961815
-0.2041697062190979,0.05823031455883302,0.04606857281316865
-0.20416958253714082,0.058229610185479085,0.04607001126332289
-0.20416945886169663,0.05822890578721839,0.04607144966008051
-0.20416933519276548,0.05822820136405403,0.04607288800344119
-0.20416921153034748,0.05822749691598909,0.04607432629340459
-0.20416908787444263,0.058226792443026636,0.04607576452997038
-0.20416896422505104,0.058226087945169765,0.046077202713138206
-0.2041688405821728,0.05822538342242156,0.046078640842907734
-0.204168716945808,0.058224678874785114,0.046080078919278636
-0.20416859331595663,0.0582239743022635,0.04608151694225057
-0.2041684696926189,0.058223269704859804,0.04608295491182321
-0.20416834607579476,0.05822256508257711,0.046084392827996194
-0.20416822246548438,0.0582218604354185,0.04608583069076921
-0.20416809886168782,0.058221155763387065,0.04608726850014191
-0.20416797526440514,0.05822045106648589,0.04608870625611397
-0.20416785167363646,0.05821974634471805,0.04609014395868504
-0.20416772808938183,0.05821904159808664,0.04609158160785479
-0.20416760451164134,0.05821833682659473,0.04609301920362289
-0.20416748094041504,0.05821763203024541,0.04609445674598899
-0.20416735737570302,0.058216927209041765,0.04609589423495277
